English,Reference Igbo,Predicted Igbo
"and Shallum became the father of Jekamiah, and Jekamiah became the father of Elishama.","Shalum bụ nna Jekamaya, ebe Jekamaya mụrụ Elishama.","Belum ghọrọ nna Jkmila, Jkna ghọkwara nna Ịlaịshama."
"These are the sons of Bilhah, whom Laban gave to Rachel, his daughter, and these she bore to Jacob: all the souls were seven.","Ndị a bụ ụmụ ndị ikom a mụụrụ Jekọb site na Bilha, odibo nwanyị ahụ Leban kpọnyere nwa ya nwanyị Rechel. Ha niile dị asaa.","Ụmụ ndị a bụ ụmụ nwanyị iri na abụọ ahụ Leban nyere Rechel, nwa ya nwanyị, na ndị a ọ mụrụ nye Jekọb: mkpụrụ obi nile bụ asaa."
people were commenting on social media like Twitter.,"Na soshal midia di ka Twitter, ndi mmadụ na-ekwu maka ihe na-eme.",Ndị mmadụ nọ na - ekwu banyere usoro mgbasa ozi ndị dị ka Terter.
You were running well! Who interfered with you that you should not obey the truth?,"Unu na-agbabu ọsọ nke ọma, onye gbochiri unu ikwenyere eziokwu ahụ?",Ònye gwara gị na i kwesịghị irube isi n'eziokwu ahụ?
"It will never be inhabited, neither will it be lived in from generation to generation. The Arabian will not pitch a tent there, neither will shepherds make their flocks lie down there.",Ọ gaghị abụ ebe obibi ọzọ ruo mgbe ebighị ebi. Site n'otu ọgbọ ruo n'ọgbọ ọzọ ndị mmadụ agaghị ebi n'ime ya. Ọ dịghị onye Arebịa na-ejegharị ejegharị ga-ama ụlọ ikwu ya n'ime ya; ndị ọzụzụ atụrụ agaghị ekwe ka atụrụ ha makpuru n'ebe ahụ.,"Ọ dịghị mgbe a ga - ebi n'ime ya, ọ dịghịkwa mgbe ọ ga - adị site n'otu ọgbọ ruo ọgbọ ọzọ."
Mr Okereke said that his office was in charge of collecting value added and withholding taxes from all government agencies in Anambra State.,Mazị Okereke kwuru na ụlọ ọrụ ya na-ahụ maka ịnakọta uru agbakwunyere ma na-anapụ ụtụ isi n'ụlọ ọrụ gọọmentị niile na steeti Anambra.,Onyeisi ndị uwe ojii ahụ kwuru na ụlọ ọrụ ya na - ahụ maka ịkwụ ụtụ isi n'ụlọ ọrụ gọọmenti nile dị na Anambra State nakwa na ya anaghị ana ụtụ isi.
Buhari said that he has not forgotten his promise on the release of the Chibok girls who were kindnapped by the Boko Haram 5 years ago from their school,Buhari kwuru na ya echọzọbeghị nkwa ya kwere ịgbapụta ụmụaka Chibok ndị Boko Haram tọrọ afo ise gara aga n'ụlọakwụkwọ ha.,Bovae kwuru na ya echefughị nkwa o kwere na a ga - atọhapụ ụmụ agbọghọ ndị Boko Haam n'afọ 5 gara aga n'ụlọ akwụkwọ ha
The heads of commonwealth are meeting to discuss whether the child of the king of whales will represent the father as the head of a branch comprising 53 nations.,Ndị isi Commonwealth na-ezukọ ka ha kparịta ụka ị chọputa ma nwaeze Wales a ga-anọchite anaya nne ya dịka onyeisi ga-chi ngalaba jikọtara obodo 53.,Ndị isi nke ụlọ ọrụ ndị nkịtị na - ezukọ iji kwurịta ma nwa eze nke anụ ọhịa bea ọ̀ ga - anọchi anya nna ya dị ka onyeisi nke alaka nke mba 53 mejupụtara.
"Another person, name withheld, said that their problems are due to Lagos state government's involvement in the motor services sector.",Onye ọzọ na ebe ahụ achoghi ka akpọ aha ha sịrị na nsogbu ha sitere n'aka ndọrọndọro ndị ngalaba gọọmenti Lagos aka ha dị na gbụrụgbụrụ na ọrụ ụgbọala.	 	 ,"Onye ọzọ, bụ́ onye a na - akpọghị aha ya, kwuru na nsogbu ha bụ n'ihi otú gọọmenti Lagos si na - ekere òkè n'ọrụ ịnya ụgbọala."
"for the weapons of our warfare are not of the flesh, but mighty before God to the throwing down of strongholds,","N'ihi na ngwa agha anyị ji ebu agha, abụghị ngwa agha nke mmadụ nkịtị nke ụwa, kama ha nwere ike nke mmụọ ịla ebe niile e wusiri ike n'iyi.","N'ihi na ngwá agha anyị ji ebu agha abụghị nke anụ ahụ́, kama ọ bụ ịdị ike n'ihu Chineke iji kpochapụ ebe ndị e wusiri ike,"
"A man of God came to Eli and said to him, ""The LORD says, 'Did I reveal myself to the house of your father when they were in Egypt in bondage to Pharaoh's house?","Otu onye nke Chineke bịara gwa Elayị okwu sị ya, ""Ihe ndị a ka Onyenwe anyị kwuru: Ọ bụ na m ezipụtaghị ike m n'ụzọ pụtara ihe mgbe nna nna gị ha bụ ohu n'ala Ijipt n'okpuru Fero?","Otu nwoke nke Chineke bịakwutere Ilaị ma gwa ya, sị, "" ONYE Onyenwe anyị, ị̀ sịrị, "" Mụ onwe m ọ̀ gwara ụlọ nna gị mgbe ha nọ n'agbụ Ijipt n'ụlọ Fero?"
"In an emotional message on his Instagram handle on Thursday, Izaak, who is the only child of the soulful singer from her former relationship with reggae music producer, Bob Morgan, expressed gratitude to Adu for sticking by him throughout the process.","N'ozi mmetụta ya n'ịnstagram n'ụbọchị Tọọzụde, Izaak, nke bụ naanị otu nwa nke ọgụ egwu mkpụrụobi site na mmekọrịta ya na onye mmepụta egwu rege, Bob Morgan, gosipụtara obi ekele ya nye Adu maka ịkwụdosi ya ike n'azụ n'oge niile ahụ.","N'ozi mmetụta uche o dere n'akwụkwọ o dere na Thursday, Izaak, onye bụ́ nanị nwa na - agụ egwú mkpụrụ obi site ná mmekọrịta mbụ ya na ndị na - emepụta egwú, bụ́ Bob, kwupụtara ekele o nwere maka ịnọgidesi ike n'akụkụ ya n'oge nile ahụ."
"and not by his coming only, but also by the comfort with which he was comforted in you while he told us of your longing, your mourning, and your zeal for me, so that I rejoiced still more.","Ọ bụkwaghị naanị n'ihi na ọbịbịa ọ bịara nyere anyị obi ụtọ, kama akụkọ o ji bịa, gbasara otu unu si gbaa ya ume, gwakwa anyị otu unu si na-ele anya ịhụ m, na otu unu si na-eru ụjụ n'ihi ihe niile mere, na otu unu si guzosie ike n'ukwu m, na ụdị ịhụnanya unu nwere n'ebe m nọ, obi tọrọ m ụtọ nke ukwuu.","Ọ bụghị nanị na ọ ga - abịa, kamakwa ọ bụ nkasi obi nke kasiri ya obi ka ọ gwara anyị banyere agụụ ị na - agụ, iru újú gị, na ịnụ ọkụ n'obi gị maka m, ka m wee na - aṅụrị ọṅụ."
"But whenever the CBN decides to make this figure public, we should be honest enough to treat it as what it really is by adding it to the figure of Nigeria's external debt.","Mana mgbe ọ bụla CBN kpebiri ime ka ọnụ ọgụgụ a pụta n'ihu ọha, anyị kwesịrị ịkwụwa aka ọtọ iji were ya dị ka ọ bụ n'ezie site na itinye ya na ọnụ ọgụgụ nke mpụga ụgwọ nke Naịjirịa.","Ma, mgbe ọ bụla ndị òtù  ụzọ kacha mma e si agwọ ya, anyị kwesịrị ịna - akwụwa aka ọtọ ka anyị nwee ike ịna - akwụ ụgwọ ndị mmadụ ji anyị."
Tottenham won the game 2-1. Paul ELLIS / AFP.,Tottenham meriri n' egwuregwu ahụ 2-1. Paul ELLIS/AFP.,JOLLS / AFP meriri n'egwuregwu nke 2-1.
Bashir Ahmad said that what the INEC did is not good for Nigerians,Bashir Ahmad kwuru na ihe INEC mere adịghịrị ụmụ Naijirịa mma,ONYE NA - EME nchọpụta kwuru na ihe ndị e mere n'oge ahụ adịghị mma maka ndị na - amaghị nke a na - akọ
"Only Luke is with me. Take Mark and bring him with you, for he is useful to me for service.","Ọ bụ naanị Luk nọnyere m. Mgbe ị na-abịa, kpọta Mak n'ihi na ọ ga-enyere m aka n'ije ozi m.","Ọ bụ nanị Luk nọnyeere m, kpọrọ Mak bịa kpọrọ ya, n'ihi na ọ baara m uru maka ije ozi."
"The next Sabbath, almost the whole city was gathered together to hear the word of God.","N'ụbọchị izuike ọzọ ahụ, ọtụtụ ndị bi n'obodo ahụ pụtara ịnụrụ okwu Onyenwe anyị.","N'Ụbọchị Izu Ike sochirinụ, a chịkọtara ihe fọrọ nke nta ka ọ bụrụ obodo nile ahụ iji nụ okwu Chineke."
"“We become numb, we lose hope, and we subconsciously accept that this is how things are and there's nothing we can say or do to change it.","anyị naz-anọ enweghị enyemaka, olileanya na-efu, anyị na-anabata na ọ bụ etua ka ihe dị n'amaghị ama, ma ọ dịghị ihe anyị pụrụ ikwu ma ọbụ mee iji gbanwee ya","OBI na - ajọ anyị njọ, anyị anaghị enwe olileanya, anyị na - aghọtakwa na ọ bụ otú a ka ihe dị, ọ dịghịkwa ihe anyị pụrụ ikwu ma ọ bụ mee iji gbanwee ya."
I will incline my ear to a proverb. I will solve my riddle on the harp.,"Aga m aṅa ntị nye ilu, aga m e ji ụbọ akwara kọwaa ilu m.",M ga - ege ntị n'otu ilu: M ga - eji ụbọ akwara m dozie ilu m.
All of a sudden there was a market tool which could be used as a lever to control interest rates without having to use any other crude methods.,"Na mberede, enwere ngwa ahịa nke enwere ike iji dị ka onye na-achịkwa iji belata ọnụego ọmụrụ nwa na-ejighị ụzọ ọjọọ ndị ọzọ.","Na mberede, e nwere ngwá ahịa a pụrụ iji mee ihe dị ka ụlọ ahịa iji chịkwaa ọnụ ọgụgụ ndị nwere mmasị n'ejighị usoro ọ bụla ọzọ na - adịghị mma eme ihe."
President Muhammdu Buhari has said that PDP still have a question to answer concerning Nigerian economy they wasted when they were in office.,Onyeisiala Muhammdu Buhari ekwuola na ndị otu PDP ka nwere okwu ịza gbasara mmefu ego mgbe ha nọ n'ọchịchị.,"Onye isi ala nke na-ahụ maka ihe gbasara akụ na ụba na ala Naijiria, kwuru na ọ ka nwere ajụjụ ọ ga - aza banyere ọnọdụ akụ̀ na ụba nke Nigeria ha lara n'iyi mgbe ha nọ n'ọfịs."
"The sons of Merari: Mahli, Libni his son, Shimei his son, Uzzah his son,","Ụmụ ụmụ Merari bụ Mahali, Libni, Shimei, Ụza,","Ụmụ Mri: Mhli, bụ́ onye ndụmọdụ nwa ya nwoke, na - enye ya nwa ya nwoke, bụ́ Tira nwa ya, nwa ya"
For he wounds and binds up. He injures and his hands make whole.,"N'ihi na ọ na-etihịa mmadụ ahụ ma na-ekechikwa ọnya ha; Ọ na-eti mmadụ ihe, ma aka ya na-agwọkwa.","N'ihi na ọ na - emerụ ahụ́, na - ekekwa ihe okike, na - emerụkwa onwe ya ahụ́, na - emekwa ka aka ya nile dị ọcha."
The leader of the International Monetary Fund named Christine Lagarde has called upon federal government to remove the money for fuel subsidy,Onyeisi International Monetary Fund bụ Christine Lagarde akpọọla gọọmenti etiti oku ka ha wepụ ego ha na-agbakwụnye iji hụ na mmanụ ụgbọala ndị ọnụ ala.,"Onyeisi nke Òtù Na - ahụ Maka Ego Mba Nile, nke aha ya bụ Christine Layde, anọwo na - agwa gọọmenti etiti ka o wepụ ego a ga - eji meenwu ọkụ"
China has reversed its decision on the use of tiger parts in both Science and traditional medicine.,Mba China agbanweela mkpebi ya maka iji akụkụ ahu agụ na sayensị nakwa n'ọgwụ ọdịnala,China agbanweela mkpebi ya banyere iji akụkụ ụfọdụ nke agụ iyi eme ihe ma na nkà mmụta sayensị ma n'ịgwọ ọrịa ọdịnala.
There are certain irreducible minimums I can tolerate from people l call my friends.,Onwere ụfọdụ ihe agaghị ebelatanwu m nwere ike inagidere ndị mmadụ m kpọrọ ndị enyi m.,Ndị mmadụ na - akpọ ndị enyi m n'ihi na ha anaghị ekwe m megharịa ahụ́.
"The light of Israel will be for a fire, and his Holy One for a flame; and it will burn and devour his thorns and his briers in one day.","Ìhè nke Izrel, ga-aghọ ọkụ, Onye nsọ ha, ga-aghọkwa ire ọkụ nke ga-ala ihe niile n'iyi. N'otu abalị ka ọ ga-erechapụ ogwu niile na uke niile ọkụ.","Ìhè Izrel ga - abụ maka ọkụ, Onye Nsọ ya ga - agbakwa ọkụ; ọ ga - esurekwa ogwu ya na ihe ndina ya n'otu ụbọchị."
"In this mountain, the LORD of Armies will make all peoples a feast of choice meat, a feast of choice wines, of choice meat full of marrow, of well refined choice wines.","N'elu ugwu a, ka Onyenwe anyị, Onye pụrụ ime ihe niile ga-anọ kwadooro ụwa niile oke oriri. Ọ ga-abụ oke oriri nke ga-adịrị ndị niile. Oke oriri nke ezi anụ na mmanya dị mma ga-adị.","N'ugwu a, ONYEisi Ndị Agha Ga - eme ka mmadụ nile bụrụ oriri nke anụ a pụrụ ịhọrọ, bụ́ oriri nke mmanya ndị a na - ahọrọ, nke anụ a na - ahọrọ ahọpụta nke ọma, nke mmanya ndị a zara nke ọma."
"He who is slow to anger has great understanding, but he who has a quick temper displays folly.","Onye na-enwe ndidi nwere ọtụtụ nghọta, ma onye obi ọkụ na-egosi enweghị uche ya.","Onye na - adịghị ewe iwe ọsọ ọsọ nwere nghọta dị ukwuu, ma onye na - ewe iwe ọkụ na - egosipụta nzuzu."
"After the usual pleasantries, he respectfully 'complained' that my article ended abruptly, that he had expected me to answer or begin to answer the questions I posed .","Mgbe ọ masịrị ya, ọ jiri nkwanye ugwu 'kọchaa' na edemede m gwụrụ na-akụghị ekwe, na ọ tụrụ anya na m ga-aza ma ọ bụ malite ịza ajụjụ ndị m jụrụ.","Mgbe a gbasara akwụkwọ ahụ, o ji nkwanye ùgwù kwuo na isiokwu m na - amụ gwụrụ, na ọ tụrụ anya na ọ ga - aza m ajụjụ ndị m jụrụ ya ma ọ bụ malite ịza ha."
Wole soyinka: I will not vote for APC or PDP.,Wole Soyinka: Agaghị m atụnyere APC maọbụ PDP,Ọ bụ ya mere na agaghị m ekwu ka e nye m ọgwụ ga - eme ka m kwụsị ịṅụ ọgwụ ike ma ọ bụ ịgba karat.
"All that Samuel the seer, Saul the son of Kish, Abner the son of Ner, and Joab the son of Zeruiah had dedicated, whoever had dedicated anything, it was under the hand of Shelomoth and of his brothers.","Ya na ihe niile nke Samuel, bụ onye ọhụ ụzọ, na Sọl, nwa Kish na Abna, nwa Nea na Joab, nwa Zeruaya na ihe niile ndị ọzọ e doro nsọ. Ọ bụ n'aka Shelomit na ụmụnna ya ka ọ dị ilekọta ha.","Nanị ihe Samuel onye na - ahụ ụzọ, bụ́ Sọl, nwa Kaish, bụ́ Jisọs, nwa Ner, na Joab nwa Ner, bụ́ onye ọ bụla nke raara onwe ya nye, nọ n'okpuru aka ụmụnne ya."
"He said the Xenophobic attacks are triggered by high unemployment and high crime rates, and not because all South African hated Nigerians.","O kwuru na agha akpọmasị bụ oke enweghị ọrụ na nnukwu mpụ butere, Ọ bụghị na ndị Ọdịda anyanwụ Afịrịka niile kpọrọ ndị Naịjirịa asị","O kwuru na ọ bụ enweghị ọrụ dị ukwuu na ọ̀tụ̀tụ̀ mpụ dị elu na - akpata mwakpo ahụ dị egwu, ọ bụghịkwa n'ihi na mba nile dị na South Africa kpọrọ òtù ndọrọ ndọrọ ọchịchị asị."
"This also will be my salvation, that a godless man will not come before him.","N'ezie, nke a ga-aghọrọ m nzọpụta maka na ọ dịghị onye ajọ omume ọbụla pụrụ ịbịa n'ihu ya.","Nke a ga - abụkwa nzọpụta m, na onye na - adịghị asọpụrụ Chineke agaghị abịa n'ihu ya."
"According to him, soil scientists play the same role as doctors do, and if the soil is not properly treated, it will not support the production of crops and it will not allow it produce good yield.","Dịka o si kwuo, ndị sayensị na-arụkwa otu ọrụ ahụ ndị dọkịta na-arụ, ọ bụrụ na agwọghị ala nke ọma, ọ gaghị akwado iwepụta ihe ọkụkụ, ọ gaghịkwa ekwe ka ọ mịa ezi mkpụrụ.","Dị ka o si kwuo, ndị ọkà mmụta sayensị nọ n'ala na - arụ otu ọrụ ahụ ndị dọkịta na - arụ, ọ bụrụkwa na e jighị ájá mee ihe n'ụzọ kwesịrị ekwesị, ọ gaghị akwado mmepụta nke ihe ọkụkụ, ọ gaghịkwa ekwe ka ọ na - arụpụta ihe dị mma."
"""Arise and take the young child and his mother, and go into the land of Israel, for those who sought the young child's life are dead.""","sị ya, ""Bilie, kpọrọ nwantakịrị ahụ na nne ya laghachi n'ala Izrel n'ihi na ndị na-achọ igbu ya anwụọla.""",""" Ị ga - akpọrọ nwatakịrị ahụ na nne ya banye n'ala Izrel, n'ihi na ndị na - achọ ndụ nwatakịrị ahụ anwụọla...."
l am not involved!,Aka m adịghị ya!,Ọ bụghị iwu na ị ga - aṅụ ya!
"They were all astonished at the majesty of God. But while all were marveling at all the things which Jesus did, he said to his disciples,","Ebube ukwu nke Chineke tụrụ ha n'anya. Ma mgbe onye ọbụla nọ na mgbagwoju anya n'ihi ọrụ ọ rụrụ, ọ sịrị ndị na-eso ụzọ ya,","Ịdị ukwuu Chineke tụrụ ha nile n'anya, ma ka ha nile nọ na - atụ ihe nile Jisọs mere, ọ gwara ndị na - eso ụzọ ya, n'anya."
He who becomes the father of a fool grieves. The father of a fool has no joy.,Ọ bụ naanị iru ụjụ na obi ọjọọ dịịrị nna nke nwa ya na-eme ihe nzuzu.,Onye na - aghọ nna nke onye nzuzu na - eru újú: nna onye nzuzu adịghị enwe ọṅụ.
"I will open rivers on the bare heights, and springs in the middle of the valleys. I will make the wilderness a pool of water, and the dry land springs of water.","Aga m eme ka mmiri site n'ala kpọrọ nkụ nke ugwu niile na-erudatara ha. Aga m eme ka isi iyi na-asọpụta na ndagwurugwu niile. Aga m eme ka mmiri jupụta n'ọzara, meekwa ka isi iyi mmiri site n'ala kpọrọ nkụ na-asọpụta.","M ga - emeghe osimiri ndị dị n'ebe dị elu, isi iyi ndị dị n'etiti ndagwurugwu nile: M ga - eme ka ọzara ghọọ ọdọ mmiri, na iyi mmiri nile kpọrọ nkụ."
"An Army officer currently hospitalized lamented that “soldiers have become cannon fodders,” revealing:""There are more soldiers deserting their commission over Boko Haram war. I can count dozens in my unit alone that escaped after they survived an attack.” The Nigerian Police Force are embroiled in similar matter with 121 officers of the rank-and-file who reportedly deserted in protest against planned deployment to the warfront dismissed with immediate effect.",Onye agha nke nọ n'ụlọọgwụ kwara arịrị na ndị agha abụrụla ndị efu. O kwuru na ọtụtụ ndị agha eriela mbọmbọ n'ọrụ ha n'ihi ndị Boko Haram. Aga m agụ ọtụtụ ndị ririla mbọmbọ site n'ọgbọ nke m kamgbe ha zonarịrị mwakpo. Ndị uweojii na-ahụ otu ihe ahụ nke na ndị ọrụ otu narị na iriabụọ na otu eriela mbọmbọ ka ha nụrụ na ewegala ha n'ihu ọgụ.,"Otu onye agha nọ n'ụlọ ọgwụ ugbu a kwara arịrị na ndị agha na-eme ngagharị iwe aghọwo ndị na-eme ngagharị iwe, ndị na-eme mkpesa, sị: ""E nwere ọtụtụ ndị agha ọzọ ka ha na-ahụ maka agha Boko Haam. Apụrụ m ịgụta ọnụ n'ime òtù m nanị na ha lanarịrị mgbe ha wakposịrị mwakpo. Ndị uwe ojii Naijiria"
"To Joseph in the land of Egypt were born Manasseh and Ephraim, whom Asenath, the daughter of Potiphera, priest of On, bore to him.","N'ala Ijipt, a mụụrụ Josef Manase na Ifrem, site na nwunye ya Asenat nwa nwanyị Pọtifera, onye nchụaja nke On.","A mụrụ Josef n'ala Ijipt, bụ́ Manase na Ifrem, bụ́ ndị Belnath, bụ́ nwa Kalarara, bụ́ onye nchụàjà nke Oni, mụrụ ya."
"David took more concubines and wives for himself out of Jerusalem, after he had come from Hebron; and more sons and daughters were born to David.","Mgbe Devid sitere na Hebrọn kwabata na Jerusalem; ọ lụrụ ndị inyom ọzọ, nwetakwara onwe ya ọtụtụ ndị iko nwanyị. Ọ mụtakwara ọtụtụ ụmụ nwoke na ụmụ nwanyị.","Devid kpọọrọ ndị iko nwanyị na ndị nwunye ya si Jeruselem pụta, mgbe o sikwa Hibrọn bịa; a mụkwaara Devid ụmụ ndị ikom na ụmụ ndị inyom karị."
"Don't rejoice against me, my enemy. When I fall, I will arise. When I sit in darkness, the LORD will be a light to me.","Achịkwala m ọchị gị onye iro m. Mgbe m dara, aga m ebilitekwa. Mgbe m nọ n'ime ọchịchịrị, Onyenwe anyị n'onwe ya ga-abụ ihe m.","Mgbe m dara, m ga - ebili: mgbe m nọ n'ọchịchịrị, Onyenwe anyị ga - abụrụ m ìhè."
"Indeed your statutes are my delight, and my counselors. DALETH",Ụkpụrụ gị niile bụ ihe na-amasị m; ha bụ ndị ndụmọdụ m.,"N'ezie, ụkpụrụ gị na - atọ m ụtọ, ọ na - atọkwa m ụtọ."
"More suspicious was the security guard, who suggested I use a wall with some flower pots for the photo as opposed to standing by the entrance which had the name of the establishment carved into it.",Na njedebe,"Nke ka njọ bụ onye nche ahụ, bụ́ onye tụrụ aro ka m jiri ite ájá e ji okooko osisi mee see mee ihe maka foto ahụ mee ihe n'ụzọ megidere iguzo n'ọnụ ụzọ e si abanye n'ime ya."
"Elkanah, Isshiah, Azarel, Joezer, and Jashobeam, the Korahites;","Elkena, Ishaya, Azarel, Joeza na Jashobeam, ndị Kora;","Elkena, Isshia, Azarel, Joe Harana, na Jasrabam, ndị Kora;"
"Speaking at the event, which was sponsored by the National Centre for Petroleum Research and Development (NCPRD), Energy Commission of Nigeria in collaboration with the NNPC, Nigerian Geological Survey Agency and the Abubakar Tafawa Balewa University, Bauchi, Group Managing Director of NNPC, Mele Kyari, said there was need to intensify collaboration to achieve desired outcomes in the ongoing exploration activities in the frontier basins.","Mgbe ọ na-ekwu okwu na ihe omume a, nke ngalaba na-ahụ maka nyocha mmanụ na uto (NCPRD), otu ike nke Naịjirịa na nkwado ya na NNPC, otu na-enyocha ihe dị na gburugburu ụwa nke Naịjirịa na Mahadum Abubakar Tafawa Balewa, Bauchi, Onye Nchịkwa Ọchịchị nke NNPC, Mele Kyari, kwuru na ọ dị mkpa itinyekwu aka na mmekorita iji mepụta nsonaazụ ndị achọrọ na ọrụ nyocha na-aga n'ihu.","N'ikwu okwu n'ihe omume ahụ, nke Ụlọ Ọrụ Gọọmenti Etiti Na - ahụ Maka Nnyocha na Development (NCCCD), Onye Nlekọta nke Naijiria na Ụlọ Ọrụ Nkà Mmụta Nkà Mmụta Sayensị nke Naijiria nakwa Ụlọ Ọrụ Na - ahụ Maka Mmekọrịta Ọha Mmadụ na Mahadum Bawananananana, Bala, Báchi, kwuru na ọ dị mkpa inwewanye ọganihu n"
"for the precious things of the fruits of the sun, for the precious things that the moon can yield,","na ihe ọma niile anyanwụ na-eweta, na ihe ọma niile ọnwa na-ewepụta,","Maka ihe ndị dị oké ọnụ ahịa nke mkpụrụ nke anyanwụ, n'ihi na ihe ndị dị oké ọnụ ahịa ọnwa pụrụ ịrụpụta,"
"His servant said, ""What, should I set this before a hundred men?"" But he said, ""Give it to the people, that they may eat; for the LORD says, 'They will eat, and will have some left over.'""","Onye na-ejere ya ozi jụrụ, ""Olee otu m ga-esi chee ihe a n'ihu narị mmadụ?"" Ma Ịlaisha zara, ""Chịrị ya nye ndị mmadụ a ka ha rie, n'ihi na otu a ka Onyenwe anyị kwuru, 'Ha ga-eriju afọ ha, nwekwa ndị ga-afọdụkwa.' ""","Ohu ya kwuru, sị: ""Gịnị ka m ga - ekwu n'ihu otu narị ndị ikom?, ma, ọ sịrị, "" Nye ya ndị mmadụ, ka ha wee rie; n'ihi na ohu Jehova sịrị, Ha ga - eri, ụfọdụ ga - ahapụkwa ya. '"
He promised that government would accelerate action on the file to ensure that the former players were paid.,O kwere nkwa na gọọmenti ga-eme ngwa ngwa na faịlị ahụ iji hụ na a kwụrụ ndị a gbagburu bọọlụ ụgwọ. ,O kwere nkwa na gọọmenti ga - eme ka faịlụ ahụ dị mfe iji hụ na a kwụrụ ndị bụbu ndị egwuregwu ụgwọ.
forbidden acts for Igbo women,Ihe Igbo sọrọ nwaanyị ime,Mmachibido iwu maka ụmụ nwanyị Igbo
"Samuel told him every bit, and hid nothing from him. He said, ""It is the LORD. Let him do what seems good to him.""","Ya mere, Samuel gwara ya ihe niile, o zokwaghị ihe ọbụla. Mgbe ahụ Elayị kwuru okwu sị, ""Ya onwe ya bụ Onyenwe anyị, ya meekwa dịka o si dị ya mma n'anya.""","Samuel gwara ya ihe niile, zoo ya n'ebe ọ nọ, sị, ""Onyenwe anyị, biko, mee ya ihe dị mma...."
"Today, on our 30th Wedding Anniversary, I pray for Allahâs continued peace and blessings in our home and family.","Taa, alụmdi na nwunye anyị gbara afọ 30, a na m ekpe ka udo na ngọzi nke Chukwu ga n'ihu na ezinụlọ anyị .","Taa, mgbe anyị na - agba akwụkwọ ugboro iri atọ n'ụbọchị agbamakwụkwọ anyị, ana m ekpe ekpere maka ndị na - agba akwụkwọ, bụ́ ndị na - eme ka ahụ́ ruo ndị mmadụ ala, na - agọzikwa ụlọ anyị na ezinụlọ anyị."
"So Nebuzaradan the captain of the guard, Nebushazban, Rabsaris, and Nergal Sharezer, Rabmag, and all the chief officers of the king of Babylon","Ya mere, Nebuzaradan, ọchịagha ndị nche eze, na Nebushazban, onyeisi n'etiti ndịisi, na Negal-Shareza, bụ onyeisi ọkwa ya dị elu, na ndịisi ndị ọzọ niile nke eze Babilọn,","Ọ bụ ya mere otu onyeisi ndị nche aha ya bụ Nbudadan, Nihananan, Ras, na Nererrate, Rabgya, na ndị isi niile nke eze Babịlọn ji arụ ọrụ"
Cocoa is good for the nerves and also ,Koko na-adị mma maka akwara-ozi ma na-edozi kwa mkpụrụ-ndụ.,"Ọgwụ ụra na - eme ka ahụ́ ghara ịna - ama gị jijiji, na - emekwa ka ahụ́ gị na - ama gị jijiji"
"those accused of master minding the incident are Onyebuchi Mbanefo, 46,chukwudi Ugwu,30, ang Great Chinedu Akpunonu, 44,","Ndị eboro ebubo na ọ bụ ha kpara nkata ghọrọ ngịga n'okwu mkpamkpa ahụ mere bụ: Onyebuchi Mbanefo, 46, Chukwudi Ugwu, 30 na Great Chinedu Akpunonu, 44","Ndị e boro ebubo na ha na - atụkwasị ihe omume ahụ obi bụ Onyechi Mbruu, 46, ihe dị ka narị puku mmadụ anọ na iri anọ, narị atọ na iri atọ, otu nnukwu onye na - ede uri, bụ́ onye na - amụ banyere ihe ndị mgbe ochie na iri afọ anọ na anọ."
Ekweremadu went on to say that nobody is secured in Nigeria.,Ekweremadu gakwara n'ihu kwuo na onweghi onye nwere nchekwa n'obodo Naịjirịa.,Ekmao gara n'ihu ikwu na ọ dịghị onye nọ na Nigeria.
"As the federal high court has signed for the minimum wage to be thirty thousand, how many states in the East will pay it?","Ka ụlọomeiwu ukwu kwetara ka ụgwọ opekatampe bụrụ puku naira iri atọ, steeti ole n'ọwụwa anyanwụ ga-akwụ ya?","Ebe ọ bụ na ụlọikpe ukwu ahụ abịanyela aka n'akwụkwọ na a ga - akwụ puku mmadụ iri atọ ụgwọ ọnwa, ole steeti ole dị n'Ebe Ọwụwa Anyanwụ Ụwa ga - akwụ ya?"
"Saul struck the Amalekites, from Havilah as you go to Shur, which is before Egypt.","Sọl busoro ndị Amalek agha site na Havila ruo Shua, nke dị n'ọwụwa anyanwụ Ijipt.","Sọl gburu ndị Amalek, malite na Hala ka ị na - aga Sheur, bụ́ nke dị n'ihu Ijipt."
"""But the mountain falling comes to nothing. The rock is removed out of its place.","""Ma dịka ugwu si erichasi daa, na dịka a na-enupu oke nkume n'ọnọdụ ya,",""" Ma ugwu ahụ na - ada ada, a na - ekpochapụ nkume ahụ n'ọnọdụ ya."
"All the people came up after him, and the people piped with pipes, and rejoiced with great joy, so that the earth shook with their sound.","Ndị Izrel niile sooro ya rigoo, na-afụ ọja na-aṅụrịkwa oke ọnụ, ruo n'ala mara jijiji n'ihi oke ụzụ.","Ndị ahụ nile bịakwutere ya, ndị ahụ wee jiri ọṅụ dị ukwuu tie mkpu ọṅụ, nke mere ka ụwa maa jijiji site n'iti mkpu ha."
"She conceived again, and bore a daughter. Then he said to him, ""Call her name Lo-Ruhamah, for I will no longer have mercy on the house of Israel, that I should in any way pardon them.","Emesịa, Goma tụụrụ ime ọzọ, mụta nwa nwanyị. Ọ gwara ya, ""Aha ị ga-agụ ya bụ Lo-Ruhama, n'ihi na agaghị m enwekwa obi ebere ọzọ n'ahụ ụlọ Izrel, ịgbaghara ha mmehie ha.","Ọ tụrụ ime ọzọ ma mụọ nwa nwanyị. Ọ gwaziri ya, sị, ""Cuura ya nile, n'ihi na agakwaghị m enwe obi ebere n'ụlọ Izrel, ka m wee gbaghara ha n'ụzọ ọ bụla."
"for the show bread also, and for the fine flour for a meal offering, whether of unleavened wafers, or of that which is baked in the pan, or of that which is soaked, and for all measurements of quantity and size;","Ọ bụkwa ọrụ ha iwebata achịcha a na-eche n'ihu Chineke, na ụtụ ọka e ji enye onyinye mkpụrụ ọka, na achịcha mbadamba a na-ejighị ihe na-eko achịcha mee. Ọrụ ha bụkwa ịgwakọta ihe e ji eme achịcha, na ighe ya, na ilekọta ihe ọtụtụ niile e ji atụ ihe.","Maka achịcha ahụ, nakwa maka ntụ ọka ahụ mara mma maka ihe oriri, ma ọ̀ bụ nke ndị na - ekoghị eko, ma ọ bụ nke a na - eme n'ime efere ahụ, ma ọ bụ nke a na - eme n'ihe ọ̀tụ̀tụ̀, nakwa maka ọ̀tụ̀tụ̀ kwesịrị ekwesị nakwa maka otú ihe ọ̀tụ̀tụ̀"
"In his book titled ‘My Watch’, Obasanjo described Atiku as a “shameless liar”.","N""akwụkwọ ya bụ 'My Watch', Obasanjọ kọwara Atiku dịka 'Onye asị ihere adịghị eme'","N'akwụkwọ ya bụ́ Acreing My Watch Watch Banyere Ihe Ndị Na - eme n'Oge Gara Aga, Obasanjo kọwara ya dị ka onye ụgha na - enweghị atụ nke a na - apụghị iji anya nkịtị hụ."
The Democrats said that the Republicans have agreed to meet in other to discuss the immigration policies in US.,Ndị otu Demokrat kwuru na ndị Republicans kwetara na ha ga-eme nkparịta ụka maka onọdụ ndị mbiambia bị n'ala US.,Akwụkwọ akụkọ bụ́ Democras kwuru na ndị Republic ekwerewo iso ndị ọzọ nwee nzukọ iji tụlee ụkpụrụ iwu ndị na - achịkwa akparamàgwà mmadụ n'akwụkwọ akụkọ bụ́ ndị a na - ebipụta na United States.
What are you supposed to know before accepting a maid,Gịnị ka ị kwesiri ima tupu ị nabata onye odibo,Ihe i kwesịrị ịma tupu ị nabata nwa ọhụrụ
"You shall do this to them to cleanse them: sprinkle the water of cleansing on them, let them shave their whole bodies with a razor, let them wash their clothes, and cleanse themselves.","Ime ka ha dị ọcha, lee ihe ị ga-eme. Fesa ha mmiri na-asachapụ mmehie. Hụkwa na ha kpụchapụrụ ajị niile dị ha n'ahụ, ma sachaa uwe ha. Si otu a mee ka ha bụrụ ndị dị ọcha.","Ị ga - eme nke a ka ha wee mee ka ha dị ọcha: Ị ga - awụsa mmiri nke ime ka ha dị ọcha, ka ha jiri afụ ọnụ ha dum kpụọ ahụ́ ha, ka ha saa uwe ha, meekwa ka ha dị ọcha."
Let's be thankful to Olmec-Mexico for introducing cocoa tea to the world.,Ka anyi kelee ndi gboo nke 'Olmec-Mexico' maka i gosi ụwa niile ihe ọṅụṅụ mmiri koko.,Ka anyị nwee ekele n'ebe Onyenwe anyị nọ maka iwetara ụwa tii ndị a na - eji eme ihe n'ụwa.
"Discretion will watch over you. Understanding will keep you,","Izuzu zuruoke ga-echebe gị, nghọta ga na-eche gị nche.","Nghọta ga - eche gị nche, na - eche gị nche."
she said that she would not let what happened 'steal her joy and happiness'.,Ọ sị na ọ gaghị ekwe ka ihe mere 'zuru ọṅụ m na obi aṅụrị m.',O kwuru na ya agaghị ekwe ka ihe ahụ merenụ mee ka ya ghara inwe ọṅụ na obi ụtọ.
"And you will notice that where Olamilekan was recognized, Olajumoke wasn’t. Olajumoke was popular on Nigerian social media and media stations but Olamilekan got a global recognition with top media stations. One of his videos has over 4.5 million views. I was elated. I was screaming and showing hubby the statistic.","Ị ga-ahụ na ebe ebuliri Olamilekan, ebulighị Olajumoke. Olajumoke bụ nke na-ewu ewu n'ọwa ozi ikuku nke Naịjirịa na ụlọ mgbasa ozi mana Olamilekan bụ nke nwetara mbuli nke mba ụwa site n'ụlọ mgbasa ozo. Otu n'ime onyoonyo ya bụ nke mmadụ karịrị nde anọ na puku narị ise kirila. Ọ nyere m obi aṅụrị. Ana m eti mkpu ma na-egosi nwunye m akara ahụ.","Ị ga - ahụkwa na n'ebe a matara Omkakan, onye na-ahụ maka ndị mmadụ bụ onye a ma ama n'ụlọ ọrụ mgbasa ozi nakwa n'ụlọ ọrụ mgbasa ozi bụ onye a ma ama n'ụlọ ọrụ mgbasa ozi nakwa onye mbụ n'ụlọ ọrụ mgbasa ozi. Otu n'ime vidio ya nwere ihe karịrị nde echiche 4.5."
"They gave him seventy pieces of silver out of the house of Baal Berith, with which Abimelech hired vain and reckless fellows who followed him.","Ha sitere n'ụlọ arụsị Baal-Berit nye ya iri shekel ọlaedo asaa. Abimelek ji ego ndị a goo ndị efulefu jọgburu onwe ha, ndị na-akpọghị ndụ ha ihe ọbụla, ndị kwenyere ma gbasoro ya.","Ha nyere ya mkpụrụ ego ọlaọcha iri asaa n'ụlọ Bel Bel Berith, bụ́ nke ize ndụ ya mere ka o were ndị ha na ya so na - agbaso ya ihe efu na ihe jọgburu onwe ya n'anya."
NAFDAC has assured that they will make sure that they wilshut down any illegal building that supported the selling of Codeine drugs.,NAFDAC kwuru na ha ga-agba mbọ kwụsị ụlọọrụ niile na-akwado mmebi ọgwụ codeine na Naịjirịa.,Ọ ga - edo ha anya na ha ga - ahụ na ha mebiri iwu obodo ọ bụla kwadoro ire ọgwụ ndị na - alụso nje HIV ọgụ.
"If I don't do the works of my Father, don't believe me.","Unu ekwenyela na m, ma ọ bụrụ na ọ bụghị ọrụ Nna m ka m na-arụ.","Ọ bụrụ na emeghị m ọrụ Nna m, ekwerela m."
They won Libya four goals to one in Godswill Akpabio stadium in Uyo.,isi obodo Akwa Ibom steeti.,Ha meriri ihe mgbaru ọsọ anọ n'otu ámá egwuregwu dị na Uyo.
"She explained that a truck, with no registration number, heading to Sango-Ota from Abeokuta, lost control due to tyre burst.","Ọ kọwara na otu ụgbọ ala trọkụ, n' enweghị akara e ji mara ya, si Abeokuta na-eje Sango-Ota, ekweghi nkwụsị n' ihi na taya ya gbawara.","Ọ kọwara na otu gwongworo, ebe ọ na - enweghị nọmba, na - aga n'Obe-Ota, n'enweghị onye na - achịkwa ya n'ihi ịda mbà n'obi."
"Poverty and shame come to him who refuses discipline, but he who heeds correction shall be honored.",Onye na-ajụ ịdọ aka na ntị ga-anwụ n'ụkpa na n'ihere; ma onye na-anabata ịdọ aka na ntị ka a ga-asọpụrụ.,"Ịda ogbenye na ihere na - abịakwute onye jụrụ ịdọ aka ná ntị, ma a ga - akwanyere onye na - aṅa ntị n'ịdọ aka ná ntị ùgwù."
"This resulted in penalty kick, where Super Falcons won them with 4 goals against 3 and lifted the trophy",Nke a mere ha jiri gbaa penariti bụ nke ndị Super Falcons ji gbajie ha aka napụ ha ya bụ iko ka ha nyere goolu anọ ebe South Africa nyere atọ.,"Nke a mere ka a kwụsị inye ha ntaramahụhụ, bụ́ ebe ndị na - agba ọchịchị mgba okpuru meriri ha site n'ime ka ha nwee ihe mgbaru ọsọ 4 ha ga - agbaso ma bulie ha elu"
He was the Rivers state governor twice under the PDP from 2007 to 2015.,Ọ bụ aka chịrị Rivas steeti ugboro abụọ n'okpuru PDP site n'afọ 2007 rue 2015.,"Ọ bụ gọvanọ nke Osimiri Rivers, bụ́ nke dị okpukpu abụọ site n'afọ 2007 ruo 2015."
One colleague told the Sun: 'She's a serving British police officer - it's outrageous.,Otu onye ọrụ ibe ya gwara Sun: 'Ọ bụ onye uwe ojii Britain ka na-eje ozi- ọ jọgburu onwe ya.,Otu onye ọrụ ibe ya gwara Sun: ' Ọ bụ onye uwe ojii Britain na - eje ozi - ọ bụ ihe jọgburu onwe ya.
Nigeria will sell public property to meet up with the 2018 budget.,Naịjirịa ga-ere akụnaụba ọha iji mezuo ego bọjetị 2018,Nigeria ga - ere ala ọha na eze iji nweta ego ha ga - emefu n'ọnwa 2018.
"Which of them do you think became billionaires, unknown to Mr. Integrity?","Kedụ otu n'ime ha bara ọgaranya ukwu, nke Maazị Aka ịkwụọtọ amaghị banyere ya?","N'ime ha, olee nke i chere na o nweghị ihe jikọrọ ya na iguzosi ike n'ezi ihe?"
Is there no balm in Gilead? Is there no physician there? Why then isn't the health of the daughter of my people recovered?,Ọ pụtara na o nweghị mmanụ otite na-eme ka ọnya laa dị na Gilead? Ọ bụ na e nwekwaghị dibịa nọ n'ebe ahụ? Gịnị mere o nweghị ọgwụgwọ dịrị ndị m n'ihi mmerụ ahụ ha niile?,Ọ̀ bụ na e nweghị dọkịta nọ na Gilied?
"Instead, I chose to study gender because I am interested in masculinity and femininity, in gender norms attributed to the male and female sexes, in the interaction – the never-ending conflicts and also the opportunities to live together harmoniously – caused by gender roles.","kama, ahọọrọ m ịgụ okike n'ihi na enwere m mmasị n'ihe banyere oke na nne, ụdị okike nke enyere nwoke na nwaanyị, na mkparịtaụka-agha anaghị ebi ebi na ohere ibikọrịta n'udo-nke ọrụ okike na-ebute.","Kama nke ahụ, amalitere m ịmụ banyere nwoke n'ihi na enwere m mmasị n'inwe mmekọahụ aghara aghara nakwa n'ihi ịbụ nwanyị, n'ịbụ onye e chere na ọ bụ nwoke ma ọ bụ nwanyị kpatara ya, ná mmekọrịta nke mụ na nwoke na nwanyị, nakwa n'ihe banyere ohere ndị a na-amaghị ama nke ịlụ di ma ọ bụ nwunye na - akpata."
"He's from a poor background. Rock bottom background! To most of us who see ourselves as average, Olamilekan sees us as privileged. He's so poor that he said: “In his family, they have to toil and sweat before they can put food on the table.” So he made a portrait showing a young boy with sweat all over him putting food on his table.","O si na ngwuru dara ogbenye. Ngwuru nke ime ime. Maka ọtụtụ n'ime anyị hụtara onwe anyị dịka ndị opekata mpe, Olamilekan hụrụ onwe ya dịka onye chi ọma. Ọ dara ogbenye nke ukwu na ọ sịrị: ""N'ezinaụlọ ya, ha ga-arụsi ọrụ ike na gbakwaa ọsịsọ tutu ha enweta nri ha ga-eri."" Ya mere o sere foto ebe nwata nwoke  ọsịsọ jupụtara n'ahụ na-edote nri n'elu tebulu ya.","N'okpuru ebe a, ihe ka ọtụtụ n'ime anyị, bụ́ ndị na - ele onwe anyị anya dị ka nkezi, na - ele anyị anya dị ka ihe ùgwù."
"For it became him, for whom are all things and through whom are all things, in bringing many children to glory, to make the author of their salvation perfect through sufferings.","Ebe e sitere na ya kpọbata ọtụtụ ụmụ n'ebube, o ziri ezi ka Chineke, onye ihe niile dịrị na onye kere ihe niile, mee ka onyeisi nzọpụta ha bụrụ onye zuruoke site n'ahụhụ ọ hụrụ.","N'ihi na ọ ghọrọ ya, n'ihi na ọ bụ ya bụ ihe niile, bụrụkwa onye si n'aka ya na - eme ka e too ọtụtụ ụmụaka, ka o wee mee ka onye nzọpụta ha zuo okè site n'ahụhụ."
"I am the Alpha and the Omega, the First and the Last, the Beginning and the End.","Abụ m Alfa na Omega. Onye mbụ na Onye ikpeazụ, Mmalite na Ọgwụgwụ.","Mụ onwe m bụ Map na Omega ahụ́, Onye Mbụ na Onye Ikpeazụ, Mmalite na Ọgwụgwụ."
"""The LORD who does it, the LORD who forms it to establish it—the LORD is his name, says:","""Ihe ndị a ka Onyenwe anyị, onye ahụ kere ụwa kwuru, Onyenwe anyị, onye kpụrụ ya mee ya ka o guzosie ike, Onye aha ya bụ Onyenwe anyị:",""" ONYE Onyenwe anyị, bụ́ ONYE na - eme ya, onye na - akpụ ya iji mee ka aha Onyenwe anyị pụta ìhè, ka aha ya na - ekwu:"
Nigerian youths have challenged Buhari,Ntorobịa Naịjirịa amaala Buhari aka,Ndị ntorobịa Naijiria ekwuwo na ha na-enweghị nsogbu
"He killed a huge Egyptian, and the Egyptian had a spear in his hand; but he went down to him with a staff and plucked the spear out of the Egyptian's hand, and killed him with his own spear.","O tigburu otu nwoke onye Ijipt, gbara dimkpa. Ọ bụ ezie na onye Ijipt ahụ ji ùbe n'aka ya, ma Benaya ji naanị mkpọ jekwuru ya. Pụnara onye Ijipt ahụ ùbe dị n'aka ya. Jiri ya magbuo ya","O gburu otu nnukwu onye Ijipt, onye Ijipt ahụ jikwa ube n'aka ya; ma o ji mkpara dakwasị ya ma si n'aka onye Ijipt ahụ tụọ ya ube, ma jiri ube ya gbuo ya."
With the fire searing through their skins and leaving them locked in each other's arms until the very end.,"Ọkụ gbara ha agba agba n' ahụ, ebe ọkụ kpọchiri ha n' ogwe aka onwe ha ruo n' ọnwụ.",Ka ha na - agba oké osimiri ahụ ọkụ n'ahụ́ ha ma na - ahapụ ha n'aka ibe ha ruo mgbe ọ ga - agwụ.
"As this was happening in house of representatives, more than 33 APC members decamped to PDP, whereas 4 persons joined ADC","Ka nke a na-eme, n'ụlọomeiwu nke nta (House of Representatives), ihe karịrị mmadụ 33 hapụkwara otu APC gafee PDP, ebe mmadụ anọ banyere ADC.","Ka nke a nọ na - eme n'ụlọ ndị nnọchiteanya, ihe karịrị mmadụ 33 na - eje ozi n'ebe a na - egwupụta ihe n'ala, ebe mmadụ 4 sonyeere ADC"
"But now, Musa who performed wonderfully well in the just concluded world cup competition has left Leicester City for Al Nasr of Saudi Arabia's club.","Mana ugbua, Musa kpara mkpamkpa n'asọmpi Iko Mbaụwa gwụrụ agwụ esila n'otu Leicester City gafee n'otu Al Nasr nke Saudi Arebia.","Ma ugbu a, otu nwoke aha ya bụ Msna, bụ́ onye na - eme nke ọma n'egwuregwu mba ndị ka na - aṅụ oké mmanya n'ụwa niile, emeela ka ihe ka njọ n'obodo ahụ."
"When Moses held up his hand, Israel prevailed. When he let down his hand, Amalek prevailed.","Ndị Izrel na-enwe mmeri mgbe ọbụla Mosis weliri aka ya elu, ma ndị Amalek na-emeri mgbe ọbụla Mosis wedatara aka ya.","Mgbe Mozis jidere aka ya, ndị Izrel meriri ya."
"Out of heaven he made you to hear his voice, that he might instruct you. On earth he made you to see his great fire; and you heard his words out of the middle of the fire.","O sitere n'eluigwe mee ka unu nụ olu ya maka ịdọ unu aka na ntị. N'ụwa, o mere ka unu hụ oke ogidi ọkụ ahụ o wuru, unu nụkwara olu ya n'etiti ọkụ ahụ.","O si n'eluigwe mee ka ị nụ olu ya, ka o wee zie gị ihe: n'elu ụwa ka O mere ka ị hụ oké ọkụ ya; ị nụkwara okwu ya n'etiti ọkụ."
"If you shall say in your heart, ""These nations are more than I; how can I dispossess them?""","Ma eleghị anya, unu ga na-eche n'ime onwe unu sị, ""Mba ndị a dị ike karịa anyị, olee otu anyị ga-esi chụpụ ha?""","Ọ bụrụ na ị ga - ekwu n'obi gị, sị, ""Mba ndị a karịrị m; olee otú m ga - esi mee ka ha maa jijiji? """
It can thus be inferred that was the very reason his types got away with so much impunity.,Ọ nwere ike bụrụ ihe kpatara ụdị ya ji pụọ n'enweghị ntaramahụhụ. ,"N'ihi ya, ọ pụrụ ịbụ n'ihi ihe a na - ejighị nnọọ ọrụ n'aka nke na ụdị ndị ọ na - enweghị ka ọ hà ha."
World Diabetes Day is the global awareness campaign focusing on diabetes Mellitus which comes up on fourteenth November every year.,Ụbọchị ọrịa shuga ụwa bụ ụbọchị edebere maka ịkụzị gbasara ọrịa shuga nke na-abịa n'abalị iri na anọ n'ọnwa Nọvemba kwa afọ,Usoro ọrịa shuga ụwa bụ mkpọsa a maara nke ọma a na - eme n'ụwa nile bụ́ nke na - elekwasị anya n'ọrịa shuga bụ́ nke na - amalite na November nke iri na anọ kwa afọ.
"I was afraid, and went away and hid your talent in the earth. Behold, you have what is yours.'","N'ihi nke a, atụrụ m egwu, a gara m liere gị ego talenti gị n'ala. Lee ihe gị werekwa.'","Ụjọ ji m, m wee pụọ zoo talent gị n'ụwa; lee, i nwere ihe bụ́ nke gị."
"Behold, if a river overflows, he doesn't tremble. He is confident, though the Jordan swells even to his mouth.","Ọ bụladị mgbe ebili mmiri na-ama, ọ dịghị atụ egwu; ọ na-anọ nwayọọ, n'agbanyeghị na mmiri Jọdan na-asọpụta na-asọju ya n'ọnụ.","Obi siri ya ike, ọ bụ ezie na Jọdan na - asọ ọbụna ruo n'ọnụ ya, ọ bụrụ na osimiri sara mbara."
"Since the senatorial election, INEC has given president Buhari and his vice certificate of office and also the senate house theirs.","Kamgbe emechara ntuliaka nke ọkwa sineti, INEC enyela onyeisiala Buhari na osote ya asambodo mmeri ma nyekwa ndị otu ụlọomeiwu ukwu nke ha.","Kemgbe òtù ndọrọ ndọrọ ọchịchị kwadoro ya, NEC enyela president BuN na post ọfịs ya, nyekwa ndị isi ụlọ nke ha ụlọ ndị a na - akwụ ụgwọ na ha."
"If you will fear the LORD, and serve him, and listen to his voice, and not rebel against the commandment of the LORD, then both you and also the king who reigns over you are followers of the LORD your God.","Ugbu a, ọ bụrụ na unu ga-atụ egwu Onyenwe anyị, fee ya, rubere ya isi, hapụ inupu isi n'ebe iwu ya dị, ọ bụrụkwa na unu na eze unu ga-esogide Onyenwe anyị Chineke unu, ihe niile ga-adị mma.","Ọ bụrụ na ị ga - atụ Onyenwe anyị egwu, ma na - ejere ya ozi, ma gee ntị n'olu ya, ma ghara inupụrụ iwu Jehova isi, mgbe ahụ, ma gị ma eze ahụ nke na - achị gị bụ ụmụazụ nke Jehova bụ́ Chineke gị."
"These are those who were counted of the families of the Kohathites, all who served in the Tent of Meeting, whom Moses and Aaron counted according to the commandment of the LORD by Moses.",Ndị a niile bụ ndị si n'ikwu Kohat ndị na-eje ozi n'ụlọ nzute. Mosis na Erọn gụrụ ha ọnụ dịka iwu Onyenwe anyị nyere Mosis si dị.,"Ndị a bụ ndị a gụrụ aha ezinụlọ dị iche iche nke ndị Hasmon, ndị nile jere ozi ná Nzukọ, bụ́ ndị Mozis na Erọn gụrụ dị ka iwu Jehova nke Mozis si dị."
Sally Hawkins,Sally Hawkins,Ihe a bụ otu nwanna nwaanyị aha ya bụ ịna - akpa àgwà ọma.
He is an expert in Economics. ,Ọ bụ onye ọkachamara n'ihe gbasara akụnaụba,Ọ bụ ọkachamara n'ihe banyere ọnọdụ akụ̀ na ụba.
Police are still investigating to find out the perpetrators.,Ndị uweojii ka na ama imi n'ala ịmata ndị kpara arụ a.,Ndị uwe ojii ka na - eme nnyocha ịchọpụta ndị kpara arụ ahụ.
"In a letter from Imo police spokesman, Godson Ikeokwu said that people saw Imoh and the boy and thought that she would not be his mother alerted the police.",Akwụkwọ ozi sị n'aka ọnụ na-ekwuru ndị uweojii n'Imo bụ Godson Ikeokwu sị na ọ bụ ndị mmadụ hụrụ Imoh na nwata ahụ wee che na ọgaghị abụ nne ya gbaara ndị uweojii ama.,"N'akwụkwọ ozi sitere n'aka ndị uwe ojii bụ́ ndị na - ekwuchitere ndị uwe ojii, Godson Ikeoko kwuru na ndị mmadụ na - ahụ Imisi na nwa okoro ahụ ma na - eche na ọ gaghị abụ nne ya na - ama ndị uwe ojii aka."
"always in every request of mine on behalf of you all, making my requests with joy,","N'ime arịrịọ niile m na-arịọ ya mgbe niile n'ekpere m n'ihi unu, obi m na-ejupụta n'ọṅụ.","N'ihe ọ bụla m na - arịọ n'ihi unu, jiri ọṅụ na ọṅụ na - arịọ arịrịọ m mgbe nile"
"and certain women who had been healed of evil spirits and infirmities: Mary who was called Magdalene, from whom seven demons had gone out;","na ụmụ nwanyị ụfọdụ ndị a chụpụrụ mmụọ ọjọọ site n'ime ha, gwọkwa ha nrịa nrịa: Meri Magdalin onye e sitere n'ime ya chụpụ mmụọ ọjọọ asaa,","na ụfọdụ ụmụ nwaanyị ndị a gwọrọ mmụọ ọjọọ na ọrịa: Meri, bụ́ onye a kpọrọ Magdalin, onye ndị mmụọ ọjọọ asaa si n'ebe ọ nọ pụọ;"
"Indeed, The Guardian checks showed that there is a legal basis for the NCC’s intervention to protect telecoms service consumers (i.e.bank customers who use USSD for financial transactions).","N'ezie, nnyocha nke Guardian gosiri na enwere ikike iwu maka ndị NCC itinye aka ịchekwa ndị ahịa ozi telekọm (ya bụ, ndị ahịa ụlọakụ ndị na-eji USSD eme mgbazinye ego)","N'ezie, akwụkwọ akụkọ bụ́ The Guardian na - ekwu na e nwere ihe iwu kwadoro mere ndị na - ere ahịa iji chebe ndị na - azụ ahịa n'ụlọ ahịa (ya bụ, ndị ọchụnta ego."
"The former Abia State governor, who is currently serving a 12-year jail term, is facing prosecution over N7.5bn belonging to the state he misappropriated while presiding over the affairs of the state.","Gọvanọ chịburu steeti Abịa nke nọ na mkpọrọ afọ iri na abụọ, na-agabiga ikpe maka ihe karịrị ijeri narịa 7.5 bụ ego steeti nke emefuru mgbe ọ na-achị steeti ahụ","Onye bụbu gọvanọ nke State, bụ́ onye na - eje ozi ugbu a n'ụlọ nga ugboro iri na abụọ, na - eche okwu ikpe ihu n'ihi Na7.57 n'ihi ọnọdụ ọ nọ na ya mgbe ọ na - eduzi ihe omume nke mba ahụ."
"John Magufuli, Tanzania's President has called on women to ""set your ovaries free"" and bear more children so that the country can enjoy demographic dividends.","John Magufuli, Onyeisi ala nke mba Tanzania akpọkuola ụmụ nwaanyị ka ha kpọghepụ akpa nwa ha ma mụọ ọtụtụ ụmụ ka mba ahụ wee nwee ike irite nnukwu ego ana enye mba ọbụla. ","John Blanalalas, bụ́ onyeisi ala Tanzania, agwawo ụmụ nwanyị ka ha ""nyere ụmụ nwanyị ihe omume gị n'efu"" ma mụọ ụmụ karị ka mba ahụ wee nwee ike inwe obi ụtọ n'ụzọ a na - achịkwaghị achịkwa."
Cola nut is one of the things that must be seen in any occasion in Igbo land.,Ọjị bụ otu ihe ị ga-ahụrịrị n'emume ọbụla gbasara ala Igbo.,"N'ala Igbo, e nwere otu n'ime ihe ndị a na - aghaghị ịhụ anya mgbe ọ bụla."
An interesting story ,Akụkọ ga-amasị gị,Akụkọ na - akpali mmasị
"when the dust runs into a mass, and the clods of earth stick together?","mgbe aja dị n'ala siri ike, mgbe ọkpụrụkpụ aja dị n'ala na-akpụkọta n'ahụ ibe ha?","Ọ bụrụ na ájá abanye n'oké osimiri, ọ bụrụkwa na ájá dị n'ụwa hà otú ọ dị ugbu a?"
"""For from their least even to their greatest, everyone is given to covetousness. From the prophet even to the priest, everyone deals falsely.","""N'ihi na site n'onye ukwu ruo n'onye dịkarịsịrị nta, ọ bụ naanị akpịrị uru na-ezighị ezi ka e ji mara ha. Ọ bụladị ndị amụma na ndị nchụaja na-etinyekwa aka n'ọrụ aghụghọ.",""" N'ihi na site n'onye kasị nta n'ime ha ruo n'onye kasị ukwuu, a na - enye onye ọ bụla anyaukwu: ọbụna site n'aka onye amụma ahụ, onye ọ bụla na - ekwu okwu ụgha."
All the people saw him walking and praising God.,"Mmadụ niile hụrụ ya ka ọ na-agagharị na-eto Chineke,",Ndị ahụ nile hụrụ ya ka ọ na - eje ije ma na - eto Chineke.
"A former political adviser in the Presidency, Dr Usman Bugaje, has described President Muhammadu Buhari's fight against corruption as one that is profoundly disappointing.	 	 ","Onye bụbu onye ndụmọdụ ndọrọ ndọrọ ọchịchị na Onye isi ala, Dr Usman Bugaje akọwaala ọgụ Onye isi ala Muhammadu Buhari megide mpụ bụ nke na-emechu iru nke ukwu .","Otu onye bụbu onye ndụmọdụ ndọrọ ndọrọ ọchịchị n'Ụlọ Ọrụ Na - ahụ Maka Ndị Ọchịchị, nke aha ya bụ Dr Urman Buuje, akọwawo ọgụ President bụ́ Buuu attacks na - alụso nrụrụ aka dị ka nke na - ala n'iyi n'ụzọ dị ukwuu."
Buhari has reinstate the leader of NHIS,Buhari akpọghachiela onyeisi NHIS,BOSSS oge ochie na - ekwu na ọ bụ ya na - atụrụ ndị mmadụ ihe ha ga - eme.
"Welcoming members of the House back from recess, the Speaker commended the lawmakers who used the recess to embark on constituency projects in their various constituencies as testimonies abound from their various constituents.","N'ịnabata ndị ọkaikpe gara ezumike, onye ọka ikpe ahụ jara ndị omeiwu mma iji ezumike ahụ malịte ọrụ dị mma na ngalaba ha dị iche iche ebe akaebe na-esite n'mpaghara obodo ha dị iche iche.","N'ịbụ ndị si n'Ụlọ Nzukọ Alaeze lọta, ndị ahụ na - arụ ọrụ n'ụlọ ọrụ ahụ jara ndị na - arụ ọrụ n'ebe dịgasị iche iche mma, bụ́ ndị ji ụlọ ọrụ ahụ malite ọrụ n'ebe dịgasị iche iche ha na - arụ ọrụ."
"You must not offer any of these as the bread of your God from the hand of a foreigner, because their corruption is in them. There is a defect in them. They shall not be accepted for you.'""","Unu esitekwala n'aka onye ọbịa nata ụdị onyinye a, ma webata ya dịka nri a na-enye Chineke unu. A gaghị anabata ha n'ọnọdụ unu, n'ihi na ha nwere nkwarụ, nwekwa ntụpọ.' ""","Unu enyela onye ọ bụla n'ime ihe ndị a dị ka achịcha nke Chineke unu site n'aka onye mba ọzọ, n'ihi na ire ha dị n'ime ha: a gaghị anabata ha n'ebe unu nọ. """
"'And I will seek the cooperation of law-abiding Nigerians from North, South, East and West, wherever they find this individual, they should report to the nearest police station or any other security agency for possible arrest and prosecution.","'Ma ana m arịọ mmekọrịta ndị Naịjirịa na-edobe iwu na mgbago ugwu, mgbada ugwu, ọwụwa anyanwụ na ọdịda anyanwụ, ebe ọbụla ha hụrụ onye a, ha gaa nye mkpesa n' ọdụ ndị uwe ojii dị nso ma ọ bụ ngalaba ọrụ nchekwa ọzọ maka njide na ikpe ya ikpe.","Aga m achọ nkwado iwu site n'Ebe Ugwu, Ebe Ndịda, Ebe Ọwụwa Anyanwụ na Ebe Ọdịda Anyanwụ, n'ebe ọ bụla ha hụrụ onye a, ha kwesịrị ịga n'ụlọ ọrụ ndị uwe ojii kasị nso ma ọ bụ ụlọ ọrụ nchebe ọ bụla ọzọ iji jide mmadụ ma gbaa ya ajụjụ ọnụ."
"What grows of itself in your harvest you shall not reap, and you shall not gather the grapes of your undressed vine. It shall be a year of solemn rest for the land.","Unu agaghị ewe ihe ubi ọbụla ga-epupụtara onwe ha n'oge a, maọbụ tụtụọ mkpụrụ osisi vaịnị ndị ga-ada ada. N'ihi na afọ ahụ bụ afọ ozuzu ike dịrị ala ubi niile.","Ihe na - eto n'owuwe ihe ubi gị agaghị ewe gị ihe ubi, ị gaghịkwa achịkọta mkpụrụ vaịn nke osisi vaịn gị a na - agwaghị agwa; ọ ga - abụ afọ izu ike nye ala ahụ."
"The fat of that which dies of itself, and the fat of that which is torn of animals, may be used for any other service, but you shall in no way eat of it.",Abụba anụ ọbụla nwụrụ anwụ maọbụ nke anụ ọhịa gburu adịghị mma oriri. E nwere ike jiri ha mee ihe ọzọ.,"E nwere ike iji abụba nke na - anwụ n'onwe ya, na abụba nke anụ ahụ e gbupụrụ egwepịa, mee ihe maka ofufe ọ bụla ọzọ, ma ị gaghị eri ya n'ụzọ ọ bụla."
it can be grinded to be in powdered form to be used as flour.,A na-akwọ mkpụrụ ụkwa akwọ jiri ya mee ihe bekee kpọrọ flour,A pụrụ ime ka ọ ghọọ ntụ ọka.
"Hezekiah king of Judah sent to the king of Assyria at Lachish, saying, ""I have offended you. Withdraw from me. That which you put on me, I will bear."" The king of Assyria appointed to Hezekiah king of Judah three hundred talents of silver and thirty talents of gold.","Mgbe ahụ, Hezekaya chọrọ ụzọ ọ ga-esi mee udo, zie ozi zigara eze Asịrịa n'obodo Lakish sị ya, ""Emehiela m, biko, site n'ala m pụọ. Aga m akwụ gị ihe ọbụla ị chọrọ n'aka m."" Eze Asịrịa sitere n'aka Hezekaya eze Juda nara narị talenti ọlaọcha atọ, na iri talenti ọlaedo atọ.","Hezekaya, bụ́ eze Juda, gwara eze ndị Asiria, sị: ""E nweela m ihe were gị iwe, wee si n'ebe m nọ pụọ; nke ahụ, bụ́ ihe i tinyere m n'ime ya, ka m ga - ebu: eze Asiria nke a họpụtara ịbụ eze Hezekaịa, bụ́ narị talent ọlaọcha atọ nke Juda, na talent ọlaọcha iri atọ."
"The arrest and detention of Alhaji Sani Dauda and others for abetment of an offence, remarriage with marriage concealment, criminal assault among other charges goes further to show that President Muhammadu Buhari's next level agenda will not tolerate lawlessness from any quarters and that justice is truly blind but fair and balanced to all manner of people.","Njide na nnwụchi nke Alhaji Sani Dauda na ndị ọzọ maka ịda iwu, ịlụgharị di na nwunye na nzuzo, mpụ na ebubo ndị ọzọ na-aga n'ihu na-egosi na ọkwa onyeisi ala Muhammadu Buhari ọzọ agaghị agbachi mmebi iwu site n'akụkụ ọbụla.","A na - ejidekwa ma na - eche nche n'ebe a na - edebe ndị dara iwu na ndị ọzọ iji mee ka a ghara ịtụkwasị ha obi, iji mee ka alụmdi na nwunye bụrụ ihe na - ekwesịghị ekwesị, ibu iro mpụ n'etiti ebubo ndị ọzọ, iji gosi na onyeisi ala bụ́ Buuuus ekweghị anabata mmebi iwu n'ebe ọ bụla nakwa na ikpe"
people do not understand: it will cause a little inflation,Ndị mmadụ anaghị aghọtacha: Ọ ga-ebute ihe ịda oke ọnụ obere.,Ndị mmadụ aghọtaghị ya: Ọ ga - akpata obere ihe mgbu
"and the meal offering shall be an ephah for the ram, and the meal offering for the lambs as he is able to give, and a hin of oil to an ephah.","Ọ ga-eweta ihe e ji achụ aja mkpụrụ ọka, nke bụ iri lita ụtụ ọka abụọ na abụọ, na otu ebule. Ọ ga-ewetakwa lita mmanụ oliv asaa maka iri lita ụtụ ọka abụọ na abụọ ahụ, tinyere onyinye ụmụ atụrụ dịka o si masị ya.","Ihe oriri ahụ ga - abụrụ ebule, anụ e ji enye ụmụ atụrụ nri dị ka o nwere ike inye, mmanụ a ga - ete n'elu ya ga - abụkwa ihe e ji esi nri."
"The moment the man saw the touts, he jumped fence and runs away.","Oge nwoke hụrụ ndị agboro, ọ wụọ aja gbaalaga.	 	 ","Ozugbo nwoke ahụ hụrụ ịnyịnya ibu ahụ, o biliri ma gbalaga."
She said that she was rescued on Friday as the Nigerian police chased the boko haram members out from Sambisa forest.,O kwuru na a gbapụtara ya ụbọchị Fraide dịka ndị agha Naịjirịa chụpụrụ ndị Boko Haram nọ nime ọhịa Sambisa.	 	 ,O kwuru na a napụtara ya na Friday ka ndị uwe ojii Naijiria chụpụrụ ndị si n'ọhịa Sambia.
"No wonder, they have recently scaled up recruitment of new fighters across both English and French speaking countries in the surrounding countries of Cameroon, Chad, Niger and Nigeria. Information gleaned from contacts within the fold of ISWAP paint an insight that seems to have challenged the position of politicians and the military in respect of holding territory. ISWAP always considered the territories of Northern and Central Borno their Caliphate territories. The presence of the Nigerian troops and particularly military bases were considered invasion by the military.","o kwela nghọta, ha nabatara ndị agha ọhụrụ ma ndị mba na-asụ Bekee na French na mba ndị gbara gburugburu dịka Cameroon, Chad, Niger na Naịjirịa.Ozi nke batara site n'aka ndị ISWAP gosiri ịma aka n'ihu nye ndị ọchịchị na ndị agha n'ijide obodo. ISWAP na-ewe mpaghara Ugwu na Etiti Borno dịka nke dị ha n'aka. Npụta ndị agha nke Naịjirịa na ọdọ ndị agha bụ nke ewerela dịka nke ndị ewerela n'ike site n'aka ndị agha.","Ka a sịkwa ihe mere na n'oge na - adịbeghị anya, ha achụpụwo ndị ọrụ ọhụrụ n'ọtụtụ mba Bekee na French ndị dị ná mba ndị dị ya gburugburu bụ́ Cameroon, Niger, na Nigeria. Ihe ọmụma ndị e nwetara site n'aka ndị agha nọ n'ogige ụlọ ọrụ ndị dị na ISFAAAAAAAAAM nke yiri ka"
"NFF said that Yusuf took the money intentionally; and his actions embarrassed the department and he needed to be well-mannered, especially for his involvement in the signing of the code of conduct contained when he was employed.","NFF kwuru na Yusuf ji anya ọcha ya nara ego ahụ; na omume ya mechuru ngalaba ha ihu makana o kwesịrị ịkpazi agwa ọfụma, ọkachasị maka aka o binyere n'akwụkwọ usoro akparamagwa nke dị n'akwụkwọ nkwenye e ji wee ya n'ọrụ.","Mgbe ọ na-eme ihe ndị a, o mere ihere n'ebe ụlọ ọrụ ahụ dị, ọ dịkwa mkpa ka o mee ya nke ọma, karịsịa n'ihi na o tinyere aka n'ịbịanye aka n'ụkpụrụ omume ndị dị na ya mgbe e were ya n'ọrụ."
"Paris firefighters said that when they reached the scene, they found out that the baby has been rescued.","Ndị ọlụ mgbanyụ ọkụ Paris kwuru na mgbe ha rụrụ ebeahụ, ha hụrụ na a zọpụtara onye nọ na nsogbu.","Ndị ọrụ mgbanyụ ọkụ na Paris kwuru na mgbe ha ruru ebe ahụ, ha chọpụtara na a napụtala nwa ọhụrụ ahụ."
Obasanjo,Obasanjo,Obasanjo
He said a higher birth rate would achieve faster progress.,O kwuru na oke ịmụ nwa ga-eweta nnukwu ọganịihu,O kwuru na ọnụ ọgụgụ ka elu nke ịmụ nwa ga - enwe ọganihu ngwa ngwa.
"Therefore leaving the teaching of the first principles of Christ, let's press on to perfection—not laying again a foundation of repentance from dead works, of faith toward God,","Ya bụ ka anyị na-aga n'ihu n'ihe mmụta zuru ezu, ka anyị gharakwa ịnọgide n'ihe mmụta mbụ ahụ nke anyị nwere banyere Kraịst. Anyị agaghị alaghachi azụ ịtọ ntọala nchegharị ọzọ site n'ọrụ ndị nwụrụ anwụ n'okwukwe n'ebe Chineke nọ,","N'ihi ya, hapụ ozizi nke ụkpụrụ ndị mbụ nke Kraịst, ka anyị nọgide na - ezu okè, ghara iwughachi ntọala nke nchegharị n'ọrụ nwụrụ anwụ, nke okwukwe n'ebe Chineke nọ,"
"CBN Governor, Mr. Godwin Emefiele, disclosed this, at the ground-breaking ceremony of the plant in Emere-Ile, Ondo State.","Gọvanọ CBN mazi Godwin Emefiele kwuputara nke a ebe a na-eme mmeme pụrụ iche nke akụmakụ n'Emere-Ile, Ondo Steeti.","Otu nwoke aha ya bụ J. Chi a na-eme ka a mata na ọ bụ n'ala ka osisi ahụ dị n'Ire-Ile, Nado State, ka a na-eme ememme a."
"For he tore Israel from David's house; and they made Jeroboam the son of Nebat king; and Jeroboam drove Israel from following the LORD, and made them sin a great sin.","Mgbe Onyenwe anyị mere ka ndị Izrel dọwapụ onwe ha site n'alaeze Devid, ha mere Jeroboam nwa Nebat, eze ha. Ma Jeroboam mere ka Izrel site n'iso Onyenwe anyị wezuga onwe ha. O mere ka ha mee mmehie dị ukwuu.","N'ihi na ọ chụpụrụ Izrel n'ụlọ Devid; ha wee mee Jeroboam nwa eze Bel; Jeroboam chụpụkwara Izrel n'iso ụlọ nsọ ahụ, meekwa ka ha mehie dị ukwuu."
"The child's mother said, ""As the LORD lives, and as your soul lives, I will not leave you."" So he arose, and followed her.","Ma nne nwantakịrị ahụ zara sị, ""Dịka Onyenwe anyị na-adị ndụ, na dịka gị onwe gị nọkwa na-adị ndụ, agaghị m ahapụ gị laa."" Ịlaisha biliri soro ya bido ịla n'ụlọ ya.","Nne nwatakịrị ahụ kwuru, sị, ""Dị ka onye Onyenwe anyị na - ebi ndụ, otú ahụkwa ka mkpụrụ obi gị na - agaghị ahapụ gị: o wee bilie soro ya."
He stated also that it is the various politicians who are the haters of Igbo land want the IPOB dead,O kwukwara n'obụ ndị ndọrọndọrọ ọchịchị dị icheiche bụ kwa ndị iro ala Igbo chọ ka IPOB nwu ọnwụ n'ike.,O kwukwara na ọ bụ ndị ndọrọ ndọrọ ọchịchị dị iche iche bụ́ ndị kpọrọ ala Igbo asị na - achọ ka mmadụ nwụọ
"He is to me as a bear lying in wait, as a lion in hiding.","Dịka anụ ọhịa bịa nke makpu na-eche nche, na dịka ọdụm nke na-ezo onwe ya,","Ọ nọnyeere m dị ka anụ ọhịa bea nke na - echere, dị ka ọdụm nke na - ezo ezo."
Bello Masari,Bello Masari,gịnị Ka M Ga - eme Banyere Okpukpe M Na - ekpe?
"Today, we commemorate and celebrate an African and global historical figure Nna Anyi (our father) Eri.",Taa anyị na-emume ncheta ma na-eri oriri onye Afrịka na ụwa niile a ma ama n' akụkọ ihe mere eme Nna Anyị Eri.,"Taa, anyị na - echeta ma na - eme ememe ncheta nke otu onye Africa a ma ama n'ụwa nile bụ́ Nnaveri (nna anyị) Eri."
"But Peter said, ""I have no silver or gold, but what I have, that I give you. In the name of Jesus Christ of Nazareth, get up and walk!""","Ma Pita sịrị, ""Enweghị m ọlaọcha maọbụ ọlaedo ma ihe m nwere ka m na-enye gị. N'aha Jisọs Kraịst onye Nazaret bilie ọtọ gawa ije.""","Ma Pita sịrị, ""Enweghị m ọlaọcha ma ọ bụ ọlaedo, kama ihe m nwere, ka m nye gị: n'aha Jizọs Kraịst onye Nazaret, bilie ọtọ! """
What opportunities for this business exist in Nigeria?.,Kedu ohere ndị dị na azụmahịa a na Naịjirịa?,Ohere dị aṅaa maka achụmnta ego a dị na Nigeria?
"Basketball legend, Lebron James, was forced to evacuate his home on Monday after wildfires raged just blocks away from his Brentwood, California mansion.","Ọ̀tụ́ bọọlụ aka, Lebron James ka a manyere ịpụ n'ụlọ ya na Mọnde ka ọkụ ọgbụgba malitere na mgbochi ụlọ ya dị na Brentwood, California.","A manyere ndị na - akọ akụkọ mgbe ochie, bụ́ Lebron James, isi n'ebe obibi ya pụọ na Monday mgbe ha sisịrị n'ụgbọ mmiri na - apụ n'elu osisi Bestwood ya, California, bụ́ nke na - adịghị ize ndụ."
Soldiers apprehended and imprisoned him,Ndị agha nwụchịrị ya were tuba ya na mkpọrọ.,Ndị agha ahụ gbaara ya ụgbọ nwa mkpi ma tụọ ya mkpọrọ
"I will build you again, and you will be built, O virgin of Israel. You will again be adorned with your tambourines, and will go out in the dances of those who make merry.","Aga m ewulikwa gị elu ọzọ, e, aga m eme ka ị bụrụ ihe e wugharịrị ọzọ, gị Izrel bụ nwaagbọghọ na-amaghị nwoke. Mgbe ahụ, ị ga-eji ihe iti egwu gị pụọ soro ndị ọṅụ juru obi tee egwu.","M ga - ewu gị ọzọ, a ga - ewu gị, nwa agbọghọ na - amaghị nwoke nke Izrel; a ga - eji ihe olu gị chọọ gị mma ọzọ, ị ga - ejekwa egwú nke ndị na - eme ka a maa mma."
"For I know that the LORD is great, that our Lord is above all gods.","Amaara m na Onyenwe anyị dị ukwuu, na Onyenwe anyị dị ukwuu karịa chi niile.","N'ihi na amaara m na Onyenwe anyị dị ukwuu, na Onyenwe anyị karịrị chi nile."
He argued the public to stay away from troubles and crisis during this period.,Ọ rịọkwara mmadụ niile ha gbalahụ nsogbu na ọgbaghara n'oge a.,Ọ gwara ọha na eze ka ha zere nsogbu na nsogbu n'oge a.
"They went out, they and all their armies with them, many people, even as the sand that is on the seashore in multitude, with very many horses and chariots.",Ndị eze a niile kwekọrịtara chịkọtaa ndị agha ha niile n'otu. Ndị agha ha chịkọtara dị ukwuu dịka aja dị n'akụkụ osimiri. Ha ji ọtụtụ ịnyịnya na ọtụtụ ụgbọ agha.,"Ha na - apụ, ha na usuu ndị agha ha nile, ọtụtụ mmadụ, ọbụna dị ka ájá nke dị n'ụsọ oké osimiri, na - enwe ọtụtụ ịnyịnya na ụgbọ ịnyịnya."
@toksy_bee_ wants to be prayes for because the sickness is really disturbing her.,@toksy_bee_ chọrọ ka ekpere ya ekpere ya makana ya bụ ọrịa ji ya na njọ.,enyi na enyi na - achọ ka a na - ekpe ekpere maka ọrịa ahụ n'ihi na ọrịa ahụ na - enye ya nsogbu n'obi n'ezie.
But the multitude of the city was divided. Part sided with the Jews and part with the apostles.,"Ma ndị obodo ahụ kewara abụọ, ụfọdụ n'ime ha dịnyere ndị Juu. Ụfọdụ dịnyekwara ndị ozi.",Ma e kewara ìgwè mmadụ nke obodo ahụ na ndị Juu ma soro ndịozi rụkọọ ọrụ.
"For he commands, and raises the stormy wind, which lifts up its waves.",N'ihi na o kwuru okwu mere ka oke ifufe kuo nke buliri ebili mmiri elu.,"N'ihi na ọ na - enye iwu, ọ na - emekwa ka oké ifufe ahụ, bụ́ nke na - eme ka ebili mmiri ya na - eto."
"Audu Abdulqudus, a recent graduate of Ahmadu Bello University, Zaria and close friend to Aisha affirmed that he was among many others who were present at her funeral on the same day she committed suicide.","Audu Abdulqudus, onye gụsịrị akwụkwọ na Mahadum Ahmadu Bello, Zaria na ezigbo enyi Aisha si kweta na ya so n'ọtụtụ ndị ọzọ bịara mmemme olili ozu ya n'otu ụbọchị ahụ o gburu onwe ya.","Otu nwoke aha ya bụ Auduqryus, bụ́ onye gụsịrị akwụkwọ n'otu mahadum dị n'Amerịka n'oge na - adịbeghị anya, kwuru na ya so ná ndị nọ mgbe a na - eli ya n'otu ụbọchị ahụ o gburu onwe ya."
Enugu Airport: will 'International' be removed from Akanu Ibiam Airport?,Enugu Airport: A ga-ewepụ 'International' na Akanu Ibiam Airport?,Ụgbọ mmiri na - agba n'ebe dị iche iche n'ụwa: Ọ̀ bụ na e nweghị ihe ga - eme ka obodo a ghara ịdị n'otu?
"But such person may repent, most especially when all these things started befalling him.","Mana onye ahụ nwere ike ichegharị, tụmadụ ma ọ bụrụ na ihe ndakwasị niile a bido ịdakwasị ya.","Ma onye dị otú ahụ pụrụ ichegharị, karịsịa mgbe ihe ndị a nile malitere ịdakwasị ya."
A couple died after going for a wedding- police,Di na nwunye si Anambra gachara agbamakwụkwọ kubie - Uweojii,Otu di na nwunye nwụrụ mgbe ha gara ịgba akwụkwọ-ebe ahụ
The high mountains are for the wild goats. The rocks are a refuge for the rock badgers.,Ugwu niile dị elu dịịrị ewu ọhịa; n'ọgba dị na nkume ka ewi nkume na-ezo onwe ha.,Ugwu nile dị elu dịịrị ewu ọhịa: nkume ndị ahụ bụ ebe mgbaba maka oké nkume.
The increasing demand for mechanisation among an estimated 77 million farmer population as well as factors limiting better use of Nigeria's agricultural mechanisation potential underscore the importance of reviewing the agricultural mechanisation policy within the present drive to make Nigeria more self-sufficient in its food requirements.,ọrịa ndị ọrụ a na achọghị imezi ihe n'etiti ndị ọrụ ugbo no narị nde iri asaa na asaa na ihe ndị na egbochi ikwusi ọrụ ugbo nke Naịjirịa g'esi gosipụta ọdị nkpa ịtụgharị usoro ọrụ ugbo bụ ihe eji eme ugbua ka Naịjirịa zuo ezu na nri ya.,Ọchịchọ ndị mmadụ na - achọ ka ndị ọrụ ugbo bi n'etiti ihe dị ka nde iri asaa na asaa nakwa ihe ndị ọzọ na - ebelata ihe ndị na - eme ka o ka mma isi n'ọrụ ugbo Nigeria nweta ihe ndị ga - eme ka ọ pụta ìhè na ọ dị mkpa inyocha usoro ịkọ ugbo nke ọrụ ugbo nọ ugbu a iji mee ka ihe oriri ya bukwuo ibu.
News reaching us now said that Jim Iyke was captured for slapping an aircraft official.,Akụkọ pụtara ugbua na-ekwu na a nwụchiri Jim Iyke ka ọ machara onye ọrụ ọdọụgbọelu ụra.,Akụkọ na - erute anyị aka ugbu a kwuru na e jidere Jim Iyke maka ịmakụ otu onye na - arụ ọrụ n'ụgbọelu.
"Arpachshad lived four hundred three years after he became the father of Shelah, and became the father of more sons and daughters.","Mgbe ọ mụchara Shela, ọ dịrị ndụ narị afọ anọ na atọ ọzọ, mụta ụmụ ndị ikom na ụmụ ndị inyom.","Ọ dị naanị afọ iri atọ na atọ ọ nwụchara, ọ ghọrọ nna nke ụmụ nwoke na ụmụ nwaanyị ndị ọzọ."
No one was killed or injured in the 'Tradefair' accident in Badagry and Lagos.,O nweghi onye nwụrụ maọbụ merụọ ahụ n'ihe mberede 'Tradefair' n'ụzọ Badagry na Legọọsi.,Ọ dịghị onye nwụrụ ma ọ bụ merụọ ahụ́ n'ihe ọghọm nke ajọ ọgba aghara na Lagos.
"that he should live on forever, that he should not see corruption.","nke ga-eme ka mmadụ dịrị ndụ ruo ebighị ebi, ma hapụ ịnwụ.","Ka o wee dị ndụ ruo mgbe ebighị ebi, ka o wee ghara ịhụ nrụrụ aka."
"He said that foods that contains carbohydrates like , Rice yam , casava are good for the supply of strength and Energy to them.","O kwuru na nri ndị na-enye ike dịka akpụ, ji, osikapa na ndị ọzọ dị mma iji nye ha ike n'ihi na ọrịa a na-agwụ ike.","O kwuru na ihe oriri ndị nwere ihe oriri ndị na - enye ume ọhụrụ dị ka , nri ndị na - adị n'ime ha na - adị mma maka inweta ike na ume."
"""What are the multitude of your sacrifices to me?"", says the LORD. ""I have had enough of the burnt offerings of rams and the fat of fed animals. I don't delight in the blood of bulls, or of lambs, or of male goats.","""N'ihi gịnị ka unu ji na-achụrụ m ọtụtụ aja, gịnị ka ihe ndị a bụ nye m?"" ka Onyenwe anyị sịrị. ""Afọ ejula m n'aja nsure ọkụ niile nke eji ebule na anụmanụ e mere ka ha gbaa abụba chụọ; Ọbara oke ehi na nke ụmụ atụrụ na mkpi adịghị atọkwa m ụtọ.",""" Gịnị bụ ọtụtụ àjà unu chụụrụ m?, ka ONYE ndụmọdụ ahụ na - ekwu. """
Efforts to get the mother of the children who is also a nurse proved abortive as ABS was told that she was taken away by her relations.,Mgbalị iji nweta nne ụmụaka ahụ bụkwa onye nọọsụ kuru afọ n'ala ka a gwara ABS na ndị ikwu ya kpọọrọ ya.,A gwara ya na ọ bụ mmekọrịta ya mere ka ọ ghara ịdị mma n'anya.
"At that time, Jesus answered, ""I thank you, Father, Lord of heaven and earth, that you hid these things from the wise and understanding, and revealed them to infants.","N'oge ahụ, Jisọs kwuru sị, ""Nna, Onyenwe eluigwe na ụwa, ana m ekele gị,n'ihi na ị zonarịrị ndị ọkachamara eziokwu ahụ, ma kpughee ya nye ụmụntakịrị.","N'oge ahụ, Jizọs zara, sị, ""Nna, Onyenwe eluigwe na ụwa, ana m ekele gị na i zoro ihe ndị a n'ebe ndị amamihe na nghọta dị, i wee kpugheere ha ụmụ ọhụrụ."
"These also are considered to be Rephaim, as the Anakim; but the Moabites call them Emim.","A na-eche na ha bụ ndị Refaim, dịka ndị Anak, ma ndị Moab na-akpọ ha ndị Emim.","A na - elekwa ndị a anya dị ka ndị na - enye ntaramahụhụ, dị ka ndị na - enye ntaramahụhụ; ma ndị Moab na - akpọ ha Emim."
Unachukwu said 'INEC cannot say that don't have because they have where they store data.,Unachukwu sị na 'Inec agaghị asị na ha enweghị sava maka na ha nwere ebe ha na edowe mkpụrụozi bụ data.,"N'ihi ya, o nwere ike ịbụ na onye ahụ amaghị ihe ọ ga - aza."
Tiger Foods sold DFM back to Dangote in 2015 for a single dollar after it had acquired the company for $200m.,ụlọ ọrụ nri Tiger reghariri DFM nye Dangote n'afọ 2015 site n'ịkwụ out dọla mgbe o ji dọla 200m nweta ụlọ ọrụ ahụ. ,Ụlọ ọrụ ndị na - emepụta nri rere DFM ka ọ laghachi Dangote n'afọ 2015 maka otu dollar mgbe ha nwetasịrị ụlọ ọrụ ahụ maka ihi ụra.
"Recently, the Vice Chancellor of the University of Ibadan, Prof. Idowu Olayinka, revealed that what the university was getting as overhead was less than N100m, whereas it needs a minimum of N800m for overhead.","N'oge na-adịbeghị anya, osote onye isi mahadum nke Ibadan, ọkammụta Idowu Olayinka kpughere na ihe mahadum ahụ na-enweta bụ nde narị naịra, ebe ọ chọrọ opekata mpe nde narị naịra asatọ .","N'oge na - adịbeghị anya, Ngalaba Na - ahụ Maka Ihe Ndị Na - eme n'Obodo nke dị na 24, bụ́ Nike Uche, bụ́ Nike nke Mahadum ukwu dị na Ibadan, kpughere na ihe mahadum na - eme dị ka ihe na - erughị otu narị puku, ebe ọ chọrọ ọ̀tụ̀tụ̀ kasị elu iji na - emegharị ahụ́."
"Mourinho's men were largely outplayed at Molineux, but were ruthless with their chances to inflict Wolves' first league defeat in 12 games.","E meriri ndi òtù Mourinho ọfụma na Molineux, mana obi tara ha mmiri n' ohere ha nwetara iji nye Wolves mmeri izizi liigi n' egwuregwu 12.","Ihe ka ọtụtụ ná ndị ikom Moho na - abụ ndị a na - asọ asọ n'egwuregwu Molineline, ma ha ji obi ọjọọ na - enwe ohere nke ime ka e nwee mmeri mbụ kpụ ọkụ n'ọnụ n'egwuregwu 12 mee ihe."
"Others present at the event were the Kano State Commissioner for Agriculture, Dr. Hadi Bala Yahaya; Head of the Agriculture and Food Security Policy Commission of the Nigeria Economic Summit Group (NESG), Ms. Gloria Ekpo; Directors at the National Centre for Agricultural Mechanisation (NCAM), Drs. Segun Ademiluyi and Isaac Ozumba; and the Chairman of Tractor Owners and Hiring Facilities Association of Nigeria (TOHFAN), Alhaji Danladi Garba.","Ndị ọzọ bịara nnọkọ a bụ Kọmịshọna na-ahụ maka Ọrụ Ugbo na steeti Kano, Dr. Hadi Bala Yahaya; Onye isi ndị ọrụ Ugwu na ọrụ nchedo nri nke ndị otu akụ na ụba Naịjirịa (NESG), Ms. Gloria Ekpo; Ndị isi njịkọ iji igwe arụ ọrụ ugbo nke mba (NCAM), Dkt. Segun Ademiluyi na Isaac Ozumba; na Onye isi oche nke Ndị Ọrụ Ntinye Aka na otu ịgbazịte ngwaọrụ nke Naịjirịa (TOHFAN), Alhaji Danladi Garba.","Ndị ọzọ nọ n'ihe omume ahụ bụ kọmitii State maka ọrụ ugbo, Dr. Hai Balaya; Onyeisi nke Òtù Na - ahụ Maka Akụ̀ na Ụba na Ihe Oriri nke Naijiria (NGGG), M. Gloria; Onye isi oche nke Ụlọ Ọrụ Mba Na - ahụ Maka Ọrụ Ugbo Ndị Metụtara Ọrụ Ugbo n'Ụlọ Ọgwụ nke Mba nke dị n'"
"On the fourth day, they got up early in the morning, and he rose up to depart. The young lady's father said to his son-in-law, ""Strengthen your heart with a morsel of bread, and afterward you shall go your way.""","N'ụbọchị nke anọ, nwoke ahụ na iko ya jikeere n'isi ụtụtụ ịlaghachi. Ma nna nwanyị ahụ rịọrọ ha sị ha, ""Jirinụ ihe oriri gbaanụ onwe unu ume. Emesịa unu nwere ike ịlawa.""","N'ụbọchị nke anọ, ha biliri n'isi ụtụtụ, o biliri ọtọ wee pụọ: nna nwa agbọghọ ahụ gwara nwa ya nwoke n'iwu, sị, ""Jiri achịcha mee ka obi gị dị ọcha, e mesịakwa ị ga - apụ...."
"""'You shall not hate your brother in your heart. You shall surely rebuke your neighbor, and not bear sin because of him.",""" 'Akpọla nwanne gị asị n'ime obi gị. Tụọ onye agbataobi gị mmehie ya n'ihu ya, ka ị ghara iketa oke n'ikpe ọmụma dịrị ya.",""" Ị gaghị akpọ nwanna gị asị n'obi gị; ị ga - abara onye agbata obi gị mba, ọ bụghịkwa n'ihi ya."
"And thus the secrets of his heart are revealed. So he will fall down on his face and worship God, declaring that God is among you indeed.","Mgbe a na-eme ka ihe nzuzo nke obi ha niile pụta ìhè, onye dị otu a ga-egbu ikpere n'ala kpọọ isiala nye Chineke sị, ""N'ezie, Chineke nọ n'etiti unu.""","N'ihi ya, e mere ka ihe nzuzo nile nke obi ya pụta ìhè, ya mere ọ ga - ada n'ihu ya ma fee Chineke ofufe, na - ekwupụta na Chineke nọ n'etiti unu n'ezie."
"John Magufuli, Tanzania's President has called on women to ""set your ovaries free"" and bear more children so that the country can enjoy demographic dividends.","John Magufuli, Onyeisi ala nke mba Tanzania akpọkuola ụmụ nwaanyị ka ha kpọghepụ akpa nwa ha ma mụọ ọtụtụ ụmụ ka mba ahụ wee nwee ike irite nnukwu ego ana enye mba ọbụla.","John Blanalalas, bụ́ onyeisi ala Tanzania, agwawo ụmụ nwanyị ka ha ""nyere ụmụ nwanyị ihe omume gị n'efu"" ma mụọ ụmụ karị ka mba ahụ wee nwee ike inwe obi ụtọ n'ụzọ a na - achịkwaghị achịkwa."
It was a bitter defeat for billions all over the world.,Ọ bụ mmeri mwute nyere ijeri n' ụwa dum.,Ọ bụụrụ ọtụtụ ijeri mmadụ n'ụwa nile mmeri kpụ ọkụ n'ọnụ.
"if I have said to corruption, 'You are my father,' and to the worm, 'My mother,' and 'My sister,'","a sikwa na m asị ire ure, 'Nna m ka ị bụ,' maọbụ sị ikpuru 'Nne m' maọbụ 'Nwanne m nwanyị,'","Ọ bụrụ na m sịrị nrụrụ aka, ' ị bụ nna m, ọ bụrụkwa na ọ bụ gị bụ nne m, ' mama m, na nwanne m nwanyị, '"
"For the cherubim spread out their wings over the place of the ark, and the cherubim covered the ark and its poles above.","Cherubim ndị ahụ gbasara nku ha n'elu igbe ọgbụgba ndụ ahụ, kpuchie ya na okporo osisi ndị ahụ e ji ebu ya.","N'ihi na onye na - elekọta ụgbọ ahụ na - agbasa nku ya n'elu ebe ụgbọ ahụ dị, ma na - eche ụgbọ ahụ na mkpanaka ya ndị dị n'elu nche."
"When Saul's son heard that Abner was dead in Hebron, his hands became feeble, and all the Israelites were troubled.",Mgbe Ishboshet nwa Sọl nụrụ na Abna anwụọla na Hebrọn. Ọ tụrụ egwu. Ndị Izrel tụkwara egwu hie nne.,"Mgbe nwa Sọl nụrụ na di ya anwụọla na Hibrọn, aka ya dara mbà, ụmụ Izrel niile nọkwa ná nsogbu."
"On the same hand, he is the PresPresident as well as Minister of Petroleum ","N'otu aka a ọ bụ onyeisiala, ọ bụkwa onye mịnịsta na-ahụ maka mmanụ amịpụtara n'ala","N'otu aka ahụ, ọ bụ ya bụ onyeisi ndị agha nakwa Minista Na - ahụ Maka Ihe Ndị Na - eme n'Ụwa"
"It shall be said in that day, ""Behold, this is our God! We have waited for him, and he will save us! This is the LORD! We have waited for him. We will be glad and rejoice in his salvation!""","N'ụbọchị ahụ, ndị mmadụ ga-asị, ""Nke a bụ Chineke anyị n'ezie, anyị tụkwasịrị ya obi, ọ zọpụtakwara anyị. Nke a bụ Onyenwe anyị ahụ, anyị tụkwasịrị ya obi, ka anyị nwee ọṅụ ma ṅụrịakwa na nzọpụta ya.""","A ga - ekwu n'ụbọchị ahụ, sị, ""Lee, Chineke anyị ka Nke a bụ; anyị echerewo Ya, Ọ ga - azọpụtakwa anyị: Onye a bụ ONYE Onyenwe anyị, anyị echerewo Ya: anyị ga - aṅụrị ọṅụ, ṅụrịakwa ọṅụ ná nzọpụta Ya. """
"that you may remember, and be confounded, and never open your mouth any more because of your shame, when I have forgiven you all that you have done,"" says the Lord GOD.'""","Mgbe ahụ, aga m ekpuchiri gị ajọ omume niile bụ nke ị mere. Ihere ga-eme gị mgbe i chetara ndụ ọjọọ gị, ị gaghị emeghekwa ọnụ gị kwuo okwu n'ihi oke mweda n'ala gị. Otu a ka Onye kachasị ihe niile elu, bụ Onyenwe anyị kwubiri.' ""","Ka i wee cheta, gị onwe gị kwa, bụrụ onye a na - asọ oyi, mgbe ị na - adịghịkwa emeghe ọnụ gị n'ihi ihere gị, mgbe m gbaghaara gị ihe nile i meworo,"" ka Onyenwe anyị CHINEKE na - ekwu."
"Which is to say, we are not just talking about women.",nke pụtara na anyị anaghị ekwu naanị banyere nwaanyị,Nke bụ́ eziokwu bụ na ọ bụghị naanị ụmụ nwaanyị ka anyị na - ekwu okwu ya.
Buhari has thanked the Chinese president,Onyeisiala Buhari ekelela onyeisiala China,Bulana kelere onyeisi oche ndị China
PHCN suppose to give you 3 months notice before disconnecting your light-Lawyer,PHCN kwesịrị inye gị ọnwa atọ tupu ha achabie ọkụ - Ọkaiwu,KA E were ya na ị hụrụ ọnwa ole na ole ị nọrọ n'ebe ìhè gị na - adịghị
"behold, how they reward us, to come to cast us out of your possession, which you have given us to inherit.",Lee ihe ha ji akwụ anyị ụgwọ bụ ịchọ ka ha chụpụ anyị n'ala a i nyere anyị ka ọ bụrụ ihe nketa anyị.,"Lee, otú ha si kwụghachi anyị ụgwọ, ka ha wee si n'ihe onwunwe gị chụpụ anyị, bụ́ nke i nyeworo anyị inweta."
I will judge you as women who break wedlock and shed blood are judged; and I will bring on you the blood of wrath and jealousy.,"Aga m ata gị ahụhụ a na-ata ndị inyom na-akwa iko, na ndị inyom na-egbu mmadụ. Aga m eme ka ịbọ ọbọ ọbara nke ọnụma m, ya na ekworo m, bịakwasị gị.",A ga - ekpe gị ikpe dị ka ụmụ nwanyị na - etisa alụmdi na nwunye na ọbara a wụsịrị; m ga - ewetara gị ọbara nke iwe na ekworo.
Priscillia will join Ngozi Okonjo Iweala and sandie Okoro the two Nigerian women that have rank in the world bank,Priscillia ga-esonye Ngozi Okonjo Iweala na Sandie Okoro bụ ụmụnwaanyị Naịjirịa abụọ nwere ọkwa n'ụlọakụ ukwu nke ụwa niile.,Nna m ochie ga-ebanye na Ngozizizizizibrao na ájá . [1] Ụmụ nwanyi abụọ nọ n'ọkwá dị elu n'ụlọ akụ̀ ụwa
We have gone beyond that.,Anyị agafeela nke ahụ.,Anyị emewo ihe karịrị nke ahụ.
"that all the peoples of the earth may know that the LORD's hand is mighty, and that you may fear the LORD your God forever.'""","O mere ihe ndị a niile ka ndị niile bi n'elu ụwa mata na aka Onyenwe anyị dị ike. O mekwara ya ka unu onwe unu tụọ egwu Onyenwe anyị Chineke unu, mgbe niile.""","Ka ndị nile dị iche iche nke ụwa wee mara na aka Onyenwe anyị dị ike, ka i wee tụọ egwu Chineke gị ruo mgbe ebighị ebi."
", has enrolled no fewer than 1,500 Okija indigenes into Anambra State Health Insurance Scheme (ASHIA).",Edebanyela aha ụmụ amaala Okija opekata mpe mmadụ otu puku na narị ise n'ime ngalaba Anambra State Health Insurance Scheme (ASHIA).,". . . . . Otu nwoke aha ya bụ Okija, onye dị afọ iri ise na ise, denyere aha ya n'akwụkwọ n'asụsụ Anambra Steeti."
"""For, behold, the LORD commands, and the great house will be smashed to pieces, and the little house into bits.","N'ihi na lee, Onyenwe anyị e nyela iwu. Ọ ghaghị itikpọsị ụlọ ukwu ndị ahụ, tiriekwa ụlọ nta ndị ahụ niile.",""" N'ihi na, lee, Onyenwe anyị nyere iwu, a ga - efopụkwa ụlọ ukwu ahụ, obere ụlọ ahụ ga - adịkwa ntakịrị."
"They sat down in ranks, by hundreds and by fifties.","Ya mere, ha nọdụrụ ala, iri mmadụ ise n'otu ebe, narị mmadụ n'ebe ọzọ.","Ha nọdụrụ ala n'etiti onwe ha, ọtụtụ narị mmadụ na ndị na - amaghị ibe ha."
"This company has stopped work there and sacked her workers,as the investigation is on going","Ụlọọrụ a akwụsịla ọrụ n'ebe ahụ ma chụpụ ndị ọrụ ya, dịka nyocha ka na-aga n'ihu.","Ụlọ ọrụ a akwụsịla ọrụ n'ebe ahụ ma tinye ndị ọrụ ya n'akpa, ebe ọ bụ na nchọpụta ahụ na - aga n'ihu"
"I find more bitter than death the woman whose heart is snares and traps, whose hands are chains. Whoever pleases God shall escape from her; but the sinner will be ensnared by her.","Achọpụtara m na ọ dị ihe dị ilu karịa ọnwụ, ihe ahụ bụ nwanyị. Obi ya dị ka ụgbụ. Otu a kwa, aka o ji ejikụ gị dị ka ụdọ igwe. Onye ahụ na-eme ihe na-atọ Chineke ụtọ na-esi n'aka ya gbapụ, ma ndị mmehie ka ọ na-enwude n'ọnya ya.","Obi na - ajọ m njọ karịa ọnwụ, bụ́ onye obi ya na - ama n'ọnyà, onye aka ya dị n'aka; onye na - eme ihe na - atọ Chineke ụtọ ga - esi n'ebe ọ nọ gbanahụ ya; ma ọ ga - amata onye mmehie ahụ n'ọnyà."
"The LORD saw and abhorred, because of the provocation of his sons and his daughters.","Onyenwe anyị hụrụ ihe dị otu a, jụ ha, n'ihi na ụmụ ya ndị ikom na ndị inyom kpasuru ya iwe.",ONYE Izrel ahụ hụrụ ụmụ ya ndị ikom na ụmụ ya ndị nwaanyị ma kpọọ ha asị.
"Finally, as Senator Kalu goes to prison, the cases against Femi Fani-Kayode, Patience Jonathan and Tinubu should be expedited. If convicted, they should be made to refund all monies accumulated through corrupt means and made to enjoy a couple of years in jail. That is the real first step to purge the Nigerian system of endemic corruption.","N'ikpeazụ, ka SInetọ Kalụ jere mkpọrọ, okwu megidere Femi Fani-Kayode, Patience Jonathan na Tinubu ka aga elebanye anya. Ọ bụrụ na ikpe maa ha, ha ga-akwụ ego niile ha weere n'ụzọ ezighị ezi ma tinye ha n'ụlọ mkpọrọ afọ ole na ole. Nkea bụ ụzọ mbụ iji wepụ mpụ na Naịjirịa","N'ikpeazụ, dị ka onye isi oche nke ụlọ mkpọrọ, okwu ikpe megide Fini-Knide, e kwesịrị iweghara ndidi Jonathan na Jisọs. Ọ bụrụ na a maa ha ikpe, e kwesịrị ime ka ha maliteghachi ịrụbiga ọrụ ókè ma mee ka ha nwee obi ụtọ ruo afọ ole na ole n'ụlọ mkpọrọ. Nke a bụ nzọụkwụ mbụ n'ezie n'"
"So the God of Israel stirred up the spirit of Pul king of Assyria, and the spirit of Tilgath Pilneser king of Assyria, and he carried away the Reubenites, the Gadites, and the half-tribe of Manasseh, and brought them to Halah, Habor, Hara, and to the river of Gozan, to this day.","N'ihi nke a, Chineke nke Izrel kpaliri mmụọ Pul, bụ eze Asịrịa (ya bụ Tiglat-Pilesa eze ndị Asịrịa), ka o bilie megide ndị Ruben, ndị Gad na ọkara ebo Manase, dọta ha n'agha, buru ha gaa Hala, na Hoboa, na Hara na osimiri Gozan, ebe ha nọ ruo taa.","N'ihi ya, Chineke nke Izrel kpaliri mmụọ nke eze Asiria bụ́ eze Juda, na mmụọ nke Tregath Prir nke Asiria, o bukwaara ndị Ruben, Gad, na ọkara nke Manase, ma kpọga ha Haya, Hara, na osimiri nke dị n'akụkụ osimiri, ruo taa."
"I saw when, for this very cause, that backsliding Israel had committed adultery, I had put her away and given her a certificate of divorce, yet treacherous Judah, her sister, had no fear, but she also went and played the prostitute.","Enyere m Izrel na-ekwesighị ntụkwasị obi akwụkwọ alụkwaghị m, chụpụ ya n'ihi ndụ ịkwa iko ya, ma lee na nwanne ya nwanyị onye na-ekwesịkwaghị ntụkwasị obi bụ Juda atụghị egwu. Ọ gakwara n'ihu ịkwa iko.","Ahụrụ m mgbe, n'ihi nke a, na Izrel ahụ kwara iko, ewepụwo m ya ma nye ya akwụkwọ ịgba alụkwaghịm, ma Juda dị aghụghọ, nwanne ya nwanyị, atụghị egwu, kama ọ pụkwara ma kpọọ nwanyị akwụna ahụ iyi."
"Experts want critical thinkers to lead, transform Nigeria.","Ndị ọkachamara chọrọ ka ndị nwere echiche nnyocha chịwa, gbanwee Naijiria.","Ndị ọkachamara chọrọ ka ndị ọkachamara na - akatọ ndị mmadụ, na - agbanwe Nigeria."
"(as it is written in the law of the Lord, ""Every male who opens the womb shall be called holy to the Lord""),","(dịka e dere ya n'iwu nke Onyenwe anyị, ""Nwa mbụ ọbụla nke bụ nwoke ka a ga-edo nsọ nye Onyenwe anyị""),","(Dị ka e dere n'iwu Onyenwe anyị, ""a ga - akpọ nwoke ọ bụla nke na - emeghe akpa nwa nye Onyenwe anyị ""),"
What is the matter between Nigeria and Boko Haram?,Kedụ isi ụka Naijiria na Boko Haram?,Gịnị bụ okwu ahụ dị n'etiti Nigeria na Boko Haam?
"Mr Uduh a lawyer while assuring the Obiano administration of the workers support, appreci1ated the Governor's magnanimity.","Mazị Uduh bụ onye ọka iwu mgbe ọ na-enyere ndị ọchịchị Obiano aka ikwado ndị ọrụ, kelekwara gọvanọ maka idi mma ya.","Ma, o nweghị ihe ọzọ o mere ma ọ́ bụghị ikwu na ọ bụ ya na - ahụ maka ihe ahụ o mere."
"The world can't hate you, but it hates me, because I testify about it, that its works are evil.","Ụwa enweghị ike ịkpọ unu asị, ma ọ kpọrọ m asị n'ihi na ana m agba ama megide ya n'ọrụ ya jọrọ njọ.","Ụwa apụghị ịkpọ unu asị, ma ọ kpọrọ m asị, n'ihi na ana m agba akaebe banyere ya, na ọrụ ya dị njọ."
This is despite the happening in the house of senate today,Nke a bụ na agbanyeghi ihe mere n'ụlọomeiwu sineti taa.,Nke a bụ n'agbanyeghị ihe a na - eme n'ụlọ ndị oké ozu taa
How it is served.,Etu esi eri ya,Otú e si eje ya.
"Thus the Lord GOD showed me: behold, the Lord GOD called for judgment by fire; and it dried up the great deep, and would have devoured the land.","Ihe a ka Onye kachasị ihe niile elu, bụ Onyenwe anyị gosiri m: Lee, Onye kachasị ihe niile elu, bụ Onyenwe anyị na-akpọku ọkụ iji ya kpee ikpe. Ọkụ ahụ repịara ogbu mmiri, repịakwa ala ahụ niile.","N'ụzọ dị otú a, Onyenwe anyị Chineke gosiri m: Hụ, Onyenwe anyị Chineke kwuru ka e jiri ọkụ kpee ya ikpe; o wee mee ka oké osimiri ahụ dị omimi, ọ ga - eripịakwa ala ahụ."
"It was gathered that some students and teachers in the school engaged in physical fight, wielding cutlasses and sticks, a situation that caused tension in the area.","Ozi kọwara na ọgụ dara n'etiti ọtụtụ ndị nkuzi na ụmụ akwụkwọ, site na ọkpụkpụ aka, mma na osisi nke butere obi mmapụ na gburugburu ahụ","A chịkọtara na ụfọdụ ụmụ akwụkwọ na ndị nkụzi nọ n'ụlọ akwụkwọ ahụ na - alụ ọgụ n'ụzọ anụ ahụ́, na - eji osisi na osisi eme ihe, bụ́ ọnọdụ nke kpatara esemokwu n'ógbè ahụ."
"You have heard it. Now see all this. And you, won't you declare it? ""I have shown you new things from this time, even hidden things, which you have not known.","Unu anụla ama m na-agba, hụkwa ka ha na-emezu, ma unu ajụla ikwere na ọ bụ eziokwu. ""Site ugbu a gawa, aga m agwa unu ihe ọhụrụ nke m na-agwabeghị unu na mbụ.","Ị nụla ya ugbu a, hụ ihe a nile, ma ọ́ bụghị ya, ị gaghị ekwupụta ya?"
"I gave it a couple of minutes and I went on the pitch and pulled my players off,' he said.","Enyere m ya nkeji ole na ole ma m gara n'ámá egwuregwu ahụ ma dọkpụrụ ndị egwuregwu m,' o kwuru. ","M nyere ya nkeji ole na ole, mụ agaa n'ebe ahụ a na - agba égbè ma chụpụ ndị na - akụ egwú m, ka o kwuru."
"They traveled from Kehelathah, and encamped in Mount Shepher.",Ha hapụrụ Kehelata bịaruo n'ugwu Shefa ebe ha mara ụlọ ikwu ha.,"Ha si Kehelalala, maa ụlọikwuu ya n'Ugwu Sheh."
"He made him ride on the high places of the earth. He ate the increase of the field. He caused him to suck honey out of the rock, oil out of the flinty rock;","O mere ka ọ rịkwasị n'ebe niile dị elu nke ala ahụ, jiri mkpụrụ na-amị n'ala ubi ahụ zụọ ya. O ji mmanụ aṅụ si na nkume zụọ ya, ya na mmanụ si n'oke nkume,","O mere ka ọ na - agba ịnyịnya n'ebe ndị dị elu nke ụwa; o riri ihe dị ukwuu n'ubi; o mere ka o si n'oké nkume daa mmanụ aṅụ, bụ́ mmanụ si n'oké nkume;"
"Adesanmi, born February 27, 1972, was author of the popular book Naija No Dey Carry Last, a 2015 collection of satirical essays.","Adesanmi, nke amụrụ n'ọnwa February 27, 1972, bụ onye dere akwụkwọ amaara nke ọma bụ Naija No Dey Carry Last, mkpokọta ederede nkatọ nke afọ 2015 ","Adeimi, bụ́ onye a mụrụ na February 27, 1972, bụ onye dere otu akwụkwọ a ma ama bụ́ Are NoyKygo, bụ́ nchịkọta nke edemede ndị mgbe ochie e dere n'afọ 2015 bụ́ ndị dị n'elu peeji a."
Let me tell you a secret that many people don't know.,Ka m kwa gị ihe nzuzo ọtụtụ mmadụ amaghị,Ka m kọọrọ gị ihe nzuzo ọtụtụ ndị na - amaghị.
Decamp of senators: 'we are firm'-APC,Ọpụpụ ndị omeiwu: 'Anyị kwụ chịm' - APC,Lee ụfọdụ n'ime ha: ' Anyị siri ezigbo ike
"Because for your sake, I have borne reproach. Shame has covered my face.","Ọ bụ n'ihi gị ka m na-anagide ịkwa emo, ihere ekpuchiela m ihu.",N'ihi na ọ bụ unu ka a na - akọcha: ịkwa emo ekpuchiwo ihu m.
"So Hazael went to meet him and took a present with him, even of every good thing of Damascus, forty camels' burden, and came and stood before him and said, ""Your son Benhadad king of Syria has sent me to you, saying, 'Will I recover from this sickness?'""","Hazael weere iri ịnyịnya kamel anọ buru ezi ihe niile si n'ala Damaskọs, wetara Ịlaisha onyinye ndị a sị ya, ""Nwa gị Ben-Hadad, eze Aram, zitere ka m jụọ gị sị, 'M ga-esi n'ọrịa a bilie?' ""","N'ihi ya, ọ gara zute ya ma kpọrọ ya gaa, ọbụna banyere ezi ihe ọ bụla nke Damaskọs, bụ́ ibu mgbochi kamel iri itoolu, ma bịa n'ihu ya, sị, ""Nwa gị nwoke bụ́ Benddra gwara m, sị, M̀ ga - agbake n'ọrịa a? """
"For if a man with a gold ring, in fine clothing, comes into your synagogue, and a poor man in filthy clothing also comes in,","Ọ bụrụ na onye ọgaranya yi uwe mara mma, yikwara mgbaaka ọlaedo na mkpịsịaka ya, abata n'ụlọ nzukọ unu, ọ bụrụkwa na nwa ogbenye abata nke yi uwe na-adịghị ọcha,","N'ihi na ọ bụrụ na nwoke nke nwere mgbaaka ọlaedo, n'uwe dị mma, batara n'ụlọ nzukọ unu, nwoke dara ogbenye nke yi uwe ruru unyi na - abatakwa,"
Donald Trump,Donald Trump,Gịnị Ka M Ga - eme Ka M Ghara Ịda Mbà n'Obi?
"Cain said to the LORD, ""My punishment is greater than I can bear.","Ken zara Onyenwe anyị, ""Ntaramahụhụ i nyere m dị ukwuu karịa nke m nwere ike ibu.","Ken gwara ohu Jehova ahụ, sị, ""Ahụhụ m dị ukwuu karịa otú m nwere ike ịnagide."
"It shall come to pass that, as you were a curse among the nations, house of Judah and house of Israel, so I will save you, and you shall be a blessing. Don't be afraid. Let your hands be strong.""","Dịka unu bụ Juda na Izrel si bụrụ ihe a na-abụ ọnụ n'etiti mba dị iche iche, otu a ka m ga-esi zọpụta unu, unu ga-abụkwa ngọzị. Unu atụla ụjọ, kama meenụ ka aka unu sie ike n'ọrụ unu.""","Ọ ga - agabiga, ebe unu bụ ọbụbụ ọnụ n'etiti mba nile, ụlọ Juda na ụlọ Izrel, otú a ka M ga - azọpụta unu, unu ga - abụkwa ngọzi: unu atụla egwu: aka unu dị ike."
"He burned the LORD's house, the king's house, and all the houses of Jerusalem. He burned every great house with fire.","O sunyere ụlọnsọ Onyenwe anyị ọkụ, ụlọeze na ụlọ niile dị na Jerusalem, ụlọ ọbụla bụ nke dị mkpa ka o surere ọkụ","Ọ gbara ụlọ ONYE Onyenwe anyị, ụlọ eze, na ụlọ nile nke Jeruselem ọkụ; ọ na - eji ọkụ akpọ ụlọ nile nke oké ụlọ nile ọ bụla ọkụ."
"Then Darius the king made a decree, and the house of the archives, where the treasures were laid up in Babylon, was searched.","Ya mere, Daraiọs nyere iwu ka a chọpụta n'ụlọ a na-echebe akwụkwọ ochie nke ndị Babilọn ma ọ dị akwụkwọ ọbụla dị otu ahụ.","Mgbe ahụ eze ahụ tiri iwu, e nyochakwara ụlọ ebe ndebe ihe mgbe ochie ahụ, bụ́ ebe a chọtara akụ̀ ndị ahụ dị oké ọnụ ahịa na Babilọn."
"The LORD spoke to Moses, saying,","Onyenwe anyị gwara Mosis okwu sị ya,","ONYE amụma ahụ gwara Mozis okwu, na - asị,"
Chimamanda said that someone attacked her.,Chimamanda sị na onwere onye wakporo ya,Otu nwanna nwaanyị aha ya bụ Chimamama kwuru na e nwere onye bịara ịlụso ya ọgụ.
"There is no soundness in my flesh because of your indignation, neither is there any health in my bones because of my sin.","N'ihi oke iwe gị, ọ dịghị izuoke dị n'ime anụ ahụ; enweghịkwa m udo n'ime ọkpụkpụ m niile n'ihi mmehie m.","Ọ dịghị ihe zuru okè n'anụ ahụ́ m n'ihi iwe Gị, ọ dịghịkwa ahụ ike ọ bụla dị n'ọkpụkpụ m n'ihi mmehie m."
"'Six days shall work be done, but on the seventh day there shall be a holy day for you, a Sabbath of solemn rest to the LORD: whoever does any work in it shall be put to death.","Rụọnụ ọrụ ụbọchị isii, ụbọchị nke asaa bụ ụbọchị izuike, ụbọchị dị nsọ nke izuike nye Onyenwe anyị. Onye ọbụla rụrụ ọrụ n'ụbọchị nke asaa ga-anwụ.","A ga - arụ ọrụ ụbọchị iri isii nke ụbọchị nke asaa, ma n'ụbọchị nke asaa, a ga - enwe ụbọchị dị nsọ maka gị, bụ́ Ụbọchị Izu Ike nke a ga - enye ONYE Izrel: onye ọ bụla nke na - arụ ọrụ ọ bụla n'ime ya ga - anwụ."
"He set the bread in order on it before the LORD, as the LORD commanded Moses.","Ọ dọkwasịrị achịcha ahụ a na-edo n'ihu Onyenwe anyị n'elu tebul ahụ, dịka Onyenwe anyị nyere ya n'iwu.","O mere achịcha ahụ ka o nwee ike ịdị n'ihu ONYE Izrel ahụ, bụ́ Jehova, nye Mozis iwu dị ka o nyere ya."
"They rose up early in the morning, and the sun shone on the water, and the Moabites saw the water opposite them as red as blood.","Mgbe chi bọrọ n'isi ụtụtụ, anyanwụ wara mụkwasị mmiri ahụ. Site n'ebe ha nọ, ndị Moab lepụrụ anya hụ mmiri ahụ ka ọ na-acha ọbara ọbara.","Ha biliri n'isi ụtụtụ, anyanwụ awakwara n'elu mmiri ahụ, ndị Moab ahụ hụkwara mmiri ahụ ka ọ na - acha ọbara ọbara dị ka ọbara."
"The Pharisees therefore said to him, ""You testify about yourself. Your testimony is not valid.""","Ndị Farisii sịrị, ""Ị na-agbara onwe gị ama! Ya mere ama ị na-agbara onwe gị abụghị ezie.""","N'ihi ya, ndị Farisii gwara ya, sị, ""Ị na - agba akaebe banyere onwe gị; akaebe ị na - agba abụghị eziokwu...."
"Lord, I beg you, let your ear be attentive now to the prayer of your servant, and to the prayer of your servants who delight to fear your name; and please prosper your servant today, and grant him mercy in the sight of this man."" Now I was cup bearer to the king.","Biko, Onyenwe anyị, nụrụ ekpere mụ bụ ohu gị, nụrụkwa ekpere ndị ohu gị niile ọ na-atọ ụtọ ịtụ egwu aha gị. Mee ka ihe gara ohu gị nke ọma taa site n'imere ya ebere n'ihu nwoke a."" N'oge ahụ abụ m onye na-ebu ihe ọṅụṅụ eze.","Onyenwe anyị, ka ntị gị nụrụ ekpere ohu gị ugbu a, nakwa ekpere nke ndị ohu gị bụ́ ndị ọ na - atọ ụtọ ịtụ egwu aha gị; biko, mee ka ohu gị nwee obi ụtọ taa, meekwa ka o nwee obi ebere n'anya nwoke a."
"“The squad has been in at Staplewood Campus throughout the weekend, working on putting things right for the club’s supporters.","""Ndị otu ahụ anọrọrarị na Staplewood Campus na ngwụcha izuụka a, na-agba mbọ ime ka ihe niile dị mma nyere ndị nkwado otu klọọbụ ahụ.","A na - anọ n'ogige ndị agha a na - anọ akụ osisi n'oge nile ná ngwụsị izu, na - arụ ọrụ n'ime ka ihe kwesị ekwesị nye ndị na - akwado òtù egwú ahụ."
"Even so you also, when you see these things happening, know that God's Kingdom is near.","N'ụzọ dị otu a kwa, mgbe unu hụrụ ihe ndị a niile ka ha na-eme, matanụ na alaeze Chineke adịla nso.","Ya bụrụgodị otú ahụ, mgbe ị hụrụ ka ihe ndị a na - eme, mara na Alaeze Chineke dị nso."
"Sometimes, if the woman's mother is no more( dead) the step mother or the mother in- law will go for the postnatal care.","Ụfọdụ oge, ọ bụrụ na nwaanyị enweghịzị nne (ọ bụrụ na nne mụrụ ya anwụọla), nwunye nna ya maọbụ nne di ya ga-abị nọrọ n'ụlọ ya lee ya ọmụgwọ.","Mgbe ụfọdụ, ọ bụrụ na nne nwanyị ahụ anwụọ ọzọ n'ihi nzọụkwụ nne ya ma ọ bụ nne ya nke nọ n'iwu-ahụ maka nlekọta ahụ ike."
"In an interview with PUNCH, Nwosu said, “What happened in court was a clear manifestation of a completely failed democracy. It is also a clear case of fascism and it is even fascism of a questionable leadership.","Site n'ajụjụ ọnụ nke PUNCH, Nwosu kwuru, ""ihe mere n'ụlọikpe bụ ezigbo mpụtara ọdịda ọchịchị onye kwuo uche ya. ọ bụkwa ezigbo okwu nke ileanya n'ihu ma bụrụkwa ileanya n'ihu nke onyeisi ana enyo enyo","N'ajụjụ ọnụ a gbara ya n'ụlọ ikpe dị n'okpuru ọchịchị onye kwuo uche ya, o kwuru na ihe mere n'ụlọikpe bụ ngosipụta doro anya nke enweghị onye na - achị achị n'ụzọ ọchịchị onye kwuo uche ya."
On Twitter @Churchillnnobi,Na Twita @Churchillnnobi,Na Tterter  ahụhụ
"Now if you are ready whenever you hear the sound of the horn, flute, zither, lyre, harp, pipe, and all kinds of music to fall down and worship the image which I have made, good; but if you don't worship, you shall be cast the same hour into the middle of a burning fiery furnace. Who is that god who will deliver you out of my hands?""","Mgbe unu nụrụ ụda opi, ọja, une na ụbọ akwara maọbụ ihe egwu ọzọ, ọ bụrụ na unu adaa n'ala kpọọ isiala nye oyiyi ahụ a kpụrụ akpụ, ihe niile ga-adị mma. Kama ọ bụrụ na unu ajụ ịkpọ isiala, a ga-atụnye unu ngwangwa n'ime ọkụ na-enwu ajọ onwunwu. Kedụ chi ahụ nke pụrụ ịnapụta unu site n'aka m?""","Ma, ọ bụrụ na ị dị njikere mgbe ọ bụla ị nụrụ ụda opi, opi, ma ọ bụ, ma ọ bụ ụbọ akwara, ụbọ akwara, na ụdị egwú nile iji daa ma fee ihe oyiyi ahụ m mere, nke dị mma; ma ọ bụrụ na ị dịghị efe ofufe, a ga - atụba gị n'etiti oké ọkụ na - enwu enwu; ònye ga - anapụta gị n"
See the video here,Lekwa ihe nkiri ya ebe a.,Lee vidio ebe a
They delivered it into the hands of the workmen who had the oversight of the LORD's house; and the workmen who labored in the LORD's house gave it to mend and repair the house.,"Mgbe ahụ, ha nyefere ya n'aka ndị ikom ahọpụtara maka ilekọta ọrụ n'ụlọnsọ Onyenwe anyị. Ndị ikom a kwụrụ ndị ọrụ rụziri ma mezie ụlọnsọ ahụ ụgwọ.",Ha na - enyefe ya n'aka ndị ọrụ na - elekọta ụlọ ONYE nwe ụlọ nsọ ahụ; ndị ọrụ na - arụsi ọrụ ike n'ụlọ Jehova nyekwara ya ndị ikom na - arụ ọrụ ma na - arụzi ụlọ ahụ.
Super Falcons,Super Falcons,Ihe Ndị Na - enye Ike
"If I forget you, Jerusalem, let my right hand forget its skill.","Ọ bụrụ na m echezọọ gị, Jerusalem, ka aka nri m chefuo ǹka ya.","Ọ bụrụ na m chefuo gị, Jeruselem, ka aka nri m chefuo nkà ya."
Follow me on Twitter @ikhide_erasmus1,soro m na ọwaozi Twita @ikhide_erasmus1,Soro m na - aga n'ụlọ ọrụ na - enyere ndị mmadụ aka ịmata ihe na - emenụ.
"I heard a voice in the middle of the four living creatures saying, ""A choenix of wheat for a denarius, and three choenix of barley for a denarius! Don't damage the oil and the wine!""","Anụkwara m ihe dị ka olu nke sitere n'etiti anụ anọ ahụ dị ndụ na-adapụta sị, ""Otu ihe ọtụtụ kilo nke ọka wiiti bụ ụgwọ ọrụ otu ụbọchị, ihe ọtụtụ kilo atọ nke ọka balị bụkwa ụgwọ ọrụ otu ụbọchị. Ya mere, unu emebikwala mmanụ oliv na mmanya.""","Anụtara m olu dị n'etiti ihe anọ ahụ e kere eke dị ndụ na - ekwu, sị, ""Atụ̀tụ̀ ọka wit a gwọrọ agwọ maka otu mkpụrụ ego ọlaọcha, efere ọka bali atọ maka otu efere ọka bali; emebila mmanụ na mmanya! """
The Nigerian former head of state Yakubu Gowon has stated how heart broken he is as a result of many people killed by the armed herdsmen in various states this year ,Onyechiburu Naịjirịa dịka onyeisiala n'oge garaaga bụ Yakubu Gowon ekwuola na obi gbariri ya agbari maka ọtụtụ mmadụ nwụrụ n'aka ndị na-achị ehi buru egbe na steeti di iche iche n'afọ a.,Onye isi ala Naijiria bụ́ Yaabu Gobubu Gobum ekwuwo otú obi na - agbawa ya n'ihi ndị na - ere ngwá agha na steeti dịgasị iche iche n'afọ a
